{"Patient 0": {"Registration": {"arrival": "07:30:00 AM", "start": "07:30:00 AM", "finish": "07:37:02 AM", "wait": "0:00:00"}, "Consultation 1": {"arrival": "07:37:02 AM", "start": "08:00:02 AM", "finish": "08:14:02 AM", "wait": "0:23:00"}, "Billing": {"arrival": "08:14:02 AM", "start": "08:14:02 AM", "finish": "08:24:04 AM", "wait": "0:00:00"}, "Xray": {"arrival": "08:24:04 AM", "start": "09:45:11 AM", "finish": "10:06:12 AM", "wait": "1:21:07.266477"}}, "Patient 1": {"Registration": {"arrival": "07:30:00 AM", "start": "07:37:02 AM", "finish": "07:44:06 AM", "wait": "0:07:02.019982"}, "Consultation 1": {"arrival": "10:27:16 AM", "start": "13:37:05 PM", "finish": "13:51:07 PM", "wait": "3:09:49.300070"}, "Billing": {"arrival": "13:51:07 PM", "start": "14:27:19 PM", "finish": "14:37:22 PM", "wait": "0:36:11.472425"}, "Xray": {"arrival": "08:38:05 AM", "start": "10:06:12 AM", "finish": "10:27:16 AM", "wait": "1:28:06.532933"}, "Pharmacy": {"arrival": "14:37:22 PM", "start": "14:47:20 PM", "finish": "15:02:23 PM", "wait": "0:09:58.188241"}, "Dressing": {"arrival": "15:02:23 PM", "start": "15:02:23 PM", "finish": "15:17:25 PM", "wait": "0:00:00.235346"}}, "Patient 2": {"Registration": {"arrival": "07:30:00 AM", "start": "07:44:06 AM", "finish": "07:51:10 AM", "wait": "0:14:06.734546"}, "Consultation 1": {"arrival": "07:51:10 AM", "start": "08:28:04 AM", "finish": "08:42:07 AM", "wait": "0:36:53.654693"}, "Billing": {"arrival": "08:42:07 AM", "start": "08:42:07 AM", "finish": "08:52:08 AM", "wait": "0:00:00"}, "Pharmacy": {"arrival": "08:52:08 AM", "start": "08:52:08 AM", "finish": "09:07:11 AM", "wait": "0:00:00"}}, "Patient 3": {"Xray": {"arrival": "07:31:00 AM", "start": "08:00:00 AM", "finish": "08:21:01 AM", "wait": "0:29:00"}}, "Patient 4": {"Registration": {"arrival": "07:31:00 AM", "start": "07:51:10 AM", "finish": "07:58:15 AM", "wait": "0:20:10.383658"}, "Consultation 1": {"arrival": "10:48:18 AM", "start": "14:05:09 PM", "finish": "14:19:11 PM", "wait": "3:16:51.559256"}, "Billing": {"arrival": "14:19:11 PM", "start": "15:07:29 PM", "finish": "15:17:31 PM", "wait": "0:48:17.994996"}, "Xray": {"arrival": "09:06:12 AM", "start": "10:27:16 AM", "finish": "10:48:18 AM", "wait": "1:21:03.935057"}, "Pharmacy": {"arrival": "15:17:31 PM", "start": "15:17:31 PM", "finish": "15:32:33 PM", "wait": "0:00:00"}, "Dressing": {"arrival": "15:32:33 PM", "start": "15:32:33 PM", "finish": "15:47:37 PM", "wait": "0:00:00"}}, "Patient 5": {"Billing": {"arrival": "07:31:00 AM", "start": "07:31:00 AM", "finish": "07:41:02 AM", "wait": "0:00:00"}, "Scan": {"arrival": "07:41:02 AM", "start": "08:00:02 AM", "finish": "08:28:02 AM", "wait": "0:19:00"}}, "Patient 6": {"Xray": {"arrival": "07:32:00 AM", "start": "08:21:01 AM", "finish": "08:42:03 AM", "wait": "0:49:01.692465"}}, "Patient 7": {"Registration": {"arrival": "07:33:00 AM", "start": "07:58:15 AM", "finish": "08:05:18 AM", "wait": "0:25:15.066859"}, "Consultation 1": {"arrival": "08:05:18 AM", "start": "08:56:11 AM", "finish": "09:10:13 AM", "wait": "0:50:53.729145"}, "Billing": {"arrival": "09:10:13 AM", "start": "09:10:13 AM", "finish": "09:20:16 AM", "wait": "0:00:00"}, "Pharmacy": {"arrival": "09:20:16 AM", "start": "09:20:16 AM", "finish": "09:35:18 AM", "wait": "0:00:00"}}, "Patient 8": {"Xray": {"arrival": "07:36:59 AM", "start": "09:03:04 AM", "finish": "09:24:07 AM", "wait": "1:26:05.455999"}}, "Patient 9": {"Registration": {"arrival": "07:37:59 AM", "start": "08:05:18 AM", "finish": "08:12:21 AM", "wait": "0:27:19.012185"}, "Consultation 1": {"arrival": "08:12:21 AM", "start": "09:10:13 AM", "finish": "09:24:17 AM", "wait": "0:57:52.410282"}, "Billing": {"arrival": "09:24:17 AM", "start": "09:31:58 AM", "finish": "09:42:00 AM", "wait": "0:07:40.613750"}, "Injection": {"arrival": "09:42:00 AM", "start": "09:42:00 AM", "finish": "09:53:04 AM", "wait": "0:00:00"}}, "Patient 10": {"Xray": {"arrival": "07:39:59 AM", "start": "08:42:03 AM", "finish": "09:03:04 AM", "wait": "1:02:04.252060"}}, "Patient 11": {"Registration": {"arrival": "07:42:59 AM", "start": "08:12:21 AM", "finish": "08:19:23 AM", "wait": "0:29:22.299529"}, "Consultation 1": {"arrival": "08:19:23 AM", "start": "09:24:17 AM", "finish": "09:38:20 AM", "wait": "1:04:53.641648"}, "Billing": {"arrival": "09:38:20 AM", "start": "09:42:00 AM", "finish": "09:52:03 AM", "wait": "0:03:40.227708"}, "Injection": {"arrival": "09:52:03 AM", "start": "09:53:04 AM", "finish": "10:04:05 AM", "wait": "0:01:01.580302"}}, "Patient 12": {"Registration": {"arrival": "07:42:59 AM", "start": "08:19:23 AM", "finish": "08:26:26 AM", "wait": "0:36:24.834784"}, "Consultation 1": {"arrival": "08:26:26 AM", "start": "09:38:20 AM", "finish": "09:52:25 AM", "wait": "1:11:53.636445"}, "Billing": {"arrival": "09:52:25 AM", "start": "09:52:25 AM", "finish": "10:02:26 AM", "wait": "0:00:00"}, "Injection": {"arrival": "10:02:26 AM", "start": "10:04:05 AM", "finish": "10:15:09 AM", "wait": "0:01:39.136243"}}, "Patient 13": {"Xray": {"arrival": "07:42:59 AM", "start": "09:24:07 AM", "finish": "09:45:11 AM", "wait": "1:41:08.105338"}}, "Patient 14": {"Registration": {"arrival": "07:47:58 AM", "start": "08:26:26 AM", "finish": "08:33:31 AM", "wait": "0:38:28.956141"}, "Consultation 1": {"arrival": "08:33:31 AM", "start": "09:52:25 AM", "finish": "10:06:28 AM", "wait": "1:18:54.259002"}, "Billing": {"arrival": "11:30:21 AM", "start": "11:30:21 AM", "finish": "11:40:23 AM", "wait": "0:00:00"}, "Xray": {"arrival": "10:16:30 AM", "start": "11:09:20 AM", "finish": "11:30:21 AM", "wait": "0:52:50.326539"}, "Pharmacy": {"arrival": "11:40:23 AM", "start": "11:40:23 AM", "finish": "11:55:26 AM", "wait": "0:00:00"}}, "Patient 15": {"Registration": {"arrival": "07:47:58 AM", "start": "08:33:31 AM", "finish": "08:40:35 AM", "wait": "0:45:33.157960"}, "Consultation 1": {"arrival": "08:40:35 AM", "start": "10:06:28 AM", "finish": "10:20:31 AM", "wait": "1:25:53.183964"}, "Billing": {"arrival": "10:20:31 AM", "start": "10:20:31 AM", "finish": "10:30:33 AM", "wait": "0:00:00"}, "Xray": {"arrival": "10:30:33 AM", "start": "11:30:21 AM", "finish": "11:51:22 AM", "wait": "0:59:47.255606"}}, "Patient 16": {"Registration": {"arrival": "07:48:58 AM", "start": "08:40:35 AM", "finish": "08:47:36 AM", "wait": "0:51:37.512403"}, "Consultation 1": {"arrival": "12:33:28 PM", "start": "15:15:25 PM", "finish": "15:29:28 PM", "wait": "2:41:57.303586"}, "Billing": {"arrival": "15:29:28 PM", "start": "16:27:55 PM", "finish": "16:37:59 PM", "wait": "0:58:26.951267"}, "Xray": {"arrival": "10:44:33 AM", "start": "12:12:24 PM", "finish": "12:33:28 PM", "wait": "1:27:51.031837"}, "Pharmacy": {"arrival": "16:37:59 PM", "start": "16:42:57 PM", "finish": "16:57:59 PM", "wait": "0:04:58.555434"}}, "Patient 17": {"Registration": {"arrival": "07:55:57 AM", "start": "08:47:36 AM", "finish": "08:54:36 AM", "wait": "0:51:39.635904"}, "Consultation 1": {"arrival": "08:54:36 AM", "start": "10:34:32 AM", "finish": "10:48:35 AM", "wait": "1:39:55.368559"}, "Billing": {"arrival": "12:54:32 PM", "start": "12:54:32 PM", "finish": "13:04:35 PM", "wait": "0:00:00"}, "Xray": {"arrival": "10:58:36 AM", "start": "12:33:28 PM", "finish": "12:54:32 PM", "wait": "1:34:51.955994"}, "Pharmacy": {"arrival": "13:04:35 PM", "start": "13:05:59 PM", "finish": "13:21:03 PM", "wait": "0:01:23.534993"}}, "Patient 18": {"Registration": {"arrival": "08:01:57 AM", "start": "08:54:36 AM", "finish": "09:01:37 AM", "wait": "0:52:39.725466"}, "Consultation 1": {"arrival": "09:01:37 AM", "start": "10:48:35 AM", "finish": "11:02:39 AM", "wait": "1:46:58.186641"}, "Billing": {"arrival": "11:02:39 AM", "start": "11:02:39 AM", "finish": "11:12:41 AM", "wait": "0:00:00"}, "Injection": {"arrival": "11:12:41 AM", "start": "11:12:41 AM", "finish": "11:23:44 AM", "wait": "0:00:00"}}, "Patient 19": {"Registration": {"arrival": "08:04:57 AM", "start": "09:01:37 AM", "finish": "09:08:41 AM", "wait": "0:56:40.448242"}, "Consultation 1": {"arrival": "09:08:41 AM", "start": "11:02:39 AM", "finish": "11:16:42 AM", "wait": "1:53:58.533033"}, "Billing": {"arrival": "11:16:42 AM", "start": "11:16:42 AM", "finish": "11:26:46 AM", "wait": "0:00:00"}, "Dressing": {"arrival": "11:26:46 AM", "start": "11:26:46 AM", "finish": "11:41:49 AM", "wait": "0:00:00"}}, "Patient 20": {"Registration": {"arrival": "08:07:57 AM", "start": "09:08:41 AM", "finish": "09:15:43 AM", "wait": "1:00:44.404817"}, "Consultation 1": {"arrival": "09:15:43 AM", "start": "11:16:42 AM", "finish": "11:30:43 AM", "wait": "2:00:59.323872"}}, "Patient 21": {"Registration": {"arrival": "08:16:57 AM", "start": "09:15:43 AM", "finish": "09:22:47 AM", "wait": "0:58:46.373146"}, "Consultation 1": {"arrival": "09:22:47 AM", "start": "11:30:43 AM", "finish": "11:44:47 AM", "wait": "2:07:56.247227"}, "Billing": {"arrival": "11:44:47 AM", "start": "11:44:47 AM", "finish": "11:54:48 AM", "wait": "0:00:00"}, "Pharmacy": {"arrival": "11:54:48 AM", "start": "11:55:26 AM", "finish": "12:10:27 PM", "wait": "0:00:37.921103"}}, "Patient 22": {"Registration": {"arrival": "08:19:57 AM", "start": "09:22:47 AM", "finish": "09:29:50 AM", "wait": "1:02:50.581413"}, "Consultation 1": {"arrival": "09:29:50 AM", "start": "11:44:47 AM", "finish": "11:58:50 AM", "wait": "2:14:57.238258"}, "Billing": {"arrival": "11:58:50 AM", "start": "11:58:50 AM", "finish": "12:08:53 PM", "wait": "0:00:00"}, "Injection": {"arrival": "12:08:53 PM", "start": "12:08:53 PM", "finish": "12:19:57 PM", "wait": "0:00:00"}}, "Patient 23": {"Registration": {"arrival": "08:49:56 AM", "start": "09:29:50 AM", "finish": "09:36:50 AM", "wait": "0:39:54.010858"}, "Consultation 1": {"arrival": "09:36:50 AM", "start": "11:58:50 AM", "finish": "12:12:55 PM", "wait": "2:22:00.228098"}}, "Patient 24": {"Registration": {"arrival": "08:55:56 AM", "start": "09:36:50 AM", "finish": "09:43:55 AM", "wait": "0:40:54.513550"}, "Consultation 1": {"arrival": "09:43:55 AM", "start": "12:12:55 PM", "finish": "12:26:57 PM", "wait": "2:29:00.208875"}}, "Patient 25": {"Registration": {"arrival": "09:02:56 AM", "start": "09:43:55 AM", "finish": "09:50:59 AM", "wait": "0:40:59.236058"}, "Consultation 1": {"arrival": "09:50:59 AM", "start": "12:26:57 PM", "finish": "12:40:57 PM", "wait": "2:35:57.548321"}, "Billing": {"arrival": "12:40:57 PM", "start": "12:40:57 PM", "finish": "12:50:58 PM", "wait": "0:00:00"}, "Pharmacy": {"arrival": "12:50:58 PM", "start": "12:50:58 PM", "finish": "13:05:59 PM", "wait": "0:00:00"}, "Dressing": {"arrival": "13:05:59 PM", "start": "13:05:59 PM", "finish": "13:21:01 PM", "wait": "0:00:00"}}, "Patient 26": {"Registration": {"arrival": "09:06:56 AM", "start": "09:50:59 AM", "finish": "09:58:01 AM", "wait": "0:44:03.964540"}, "Consultation 1": {"arrival": "09:58:01 AM", "start": "12:40:57 PM", "finish": "12:54:58 PM", "wait": "2:42:56.193849"}}, "Patient 27": {"Registration": {"arrival": "09:16:56 AM", "start": "09:58:01 AM", "finish": "10:05:03 AM", "wait": "0:41:05.582637"}, "Consultation 1": {"arrival": "10:05:03 AM", "start": "12:54:58 PM", "finish": "13:09:01 PM", "wait": "2:49:55.164162"}, "Billing": {"arrival": "13:47:05 PM", "start": "14:07:14 PM", "finish": "14:17:15 PM", "wait": "0:20:09.219204"}, "Scan": {"arrival": "13:19:01 PM", "start": "13:19:01 PM", "finish": "13:47:05 PM", "wait": "0:00:00"}, "Pharmacy": {"arrival": "14:17:15 PM", "start": "14:17:15 PM", "finish": "14:32:19 PM", "wait": "0:00:00"}}, "Patient 28": {"Billing": {"arrival": "09:21:56 AM", "start": "09:21:56 AM", "finish": "09:31:58 AM", "wait": "0:00:00"}, "Scan": {"arrival": "09:31:58 AM", "start": "09:31:58 AM", "finish": "10:00:01 AM", "wait": "0:00:00"}}, "Patient 29": {"Registration": {"arrival": "09:45:56 AM", "start": "10:05:03 AM", "finish": "10:12:04 AM", "wait": "0:19:07.812603"}, "Consultation 1": {"arrival": "10:12:04 AM", "start": "13:09:01 PM", "finish": "13:23:02 PM", "wait": "2:56:57.148687"}}, "Patient 30": {"Registration": {"arrival": "09:56:56 AM", "start": "10:12:04 AM", "finish": "10:19:05 AM", "wait": "0:15:08.681370"}}, "Patient 31": {"Registration": {"arrival": "10:08:56 AM", "start": "10:19:05 AM", "finish": "10:26:07 AM", "wait": "0:10:09.054366"}, "Consultation 1": {"arrival": "10:26:07 AM", "start": "13:23:02 PM", "finish": "13:37:05 PM", "wait": "2:56:55.422496"}, "Billing": {"arrival": "13:37:05 PM", "start": "13:37:05 PM", "finish": "13:47:10 PM", "wait": "0:00:00"}, "Injection": {"arrival": "13:47:10 PM", "start": "13:47:10 PM", "finish": "13:58:13 PM", "wait": "0:00:00"}}, "Patient 32": {"Xray": {"arrival": "10:09:56 AM", "start": "10:48:18 AM", "finish": "11:09:20 AM", "wait": "0:38:22.096102"}}, "Patient 33": {"Registration": {"arrival": "10:33:56 AM", "start": "10:33:56 AM", "finish": "10:40:57 AM", "wait": "0:00:00"}, "Consultation 2": {"arrival": "10:40:57 AM", "start": "10:40:57 AM", "finish": "10:55:00 AM", "wait": "0:00:00"}}, "Patient 34": {"Xray": {"arrival": "10:34:56 AM", "start": "11:51:22 AM", "finish": "12:12:24 PM", "wait": "1:16:26.960955"}}, "Patient 35": {"Registration": {"arrival": "10:40:56 AM", "start": "10:40:57 AM", "finish": "10:47:59 AM", "wait": "0:00:01.284220"}, "Consultation 1": {"arrival": "15:28:29 PM", "start": "15:43:30 PM", "finish": "15:57:30 PM", "wait": "0:15:00.351158"}, "Billing": {"arrival": "15:57:30 PM", "start": "17:18:04 PM", "finish": "17:28:08 PM", "wait": "1:20:34.041678"}, "Xray": {"arrival": "15:07:29 PM", "start": "15:07:29 PM", "finish": "15:28:29 PM", "wait": "0:00:00"}, "Pharmacy": {"arrival": "17:28:08 PM", "start": "17:33:05 PM", "finish": "17:48:08 PM", "wait": "0:04:57.292164"}, "Dressing": {"arrival": "17:48:08 PM", "start": "17:48:08 PM", "finish": "18:03:09 PM", "wait": "0:00:00"}}, "Patient 36": {"Registration": {"arrival": "11:07:56 AM", "start": "11:07:56 AM", "finish": "11:14:56 AM", "wait": "0:00:00"}, "Consultation 1": {"arrival": "11:14:56 AM", "start": "14:19:11 PM", "finish": "14:33:12 PM", "wait": "3:04:14.975035"}, "Billing": {"arrival": "14:33:12 PM", "start": "15:27:35 PM", "finish": "15:37:39 PM", "wait": "0:54:23.183270"}, "Pharmacy": {"arrival": "15:37:39 PM", "start": "15:37:39 PM", "finish": "15:52:41 PM", "wait": "0:00:00"}}, "Patient 37": {"Xray": {"arrival": "11:19:56 AM", "start": "12:54:32 PM", "finish": "13:15:33 PM", "wait": "1:34:36.258873"}}, "Patient 38": {"Registration": {"arrival": "11:27:56 AM", "start": "11:27:56 AM", "finish": "11:34:57 AM", "wait": "0:00:00"}, "Consultation 1": {"arrival": "11:34:57 AM", "start": "14:33:12 PM", "finish": "14:47:16 PM", "wait": "2:58:15.542802"}, "Billing": {"arrival": "14:47:16 PM", "start": "15:47:42 PM", "finish": "15:57:46 PM", "wait": "1:00:26.173025"}, "Xray": {"arrival": "15:57:46 PM", "start": "16:08:46 PM", "finish": "16:29:46 PM", "wait": "0:11:00.040645"}}, "Patient 39": {"Registration": {"arrival": "11:52:55 AM", "start": "11:52:55 AM", "finish": "11:59:56 AM", "wait": "0:00:00"}, "Consultation 1": {"arrival": "16:50:48 PM", "start": "16:50:48 PM", "finish": "17:04:52 PM", "wait": "0:00:00"}, "Billing": {"arrival": "17:04:52 PM", "start": "18:18:24 PM", "finish": "18:28:26 PM", "wait": "1:13:31.266507"}, "Xray": {"arrival": "16:17:52 PM", "start": "16:29:46 PM", "finish": "16:50:48 PM", "wait": "0:11:54.675550"}, "Pharmacy": {"arrival": "18:28:26 PM", "start": "18:33:26 PM", "finish": "18:48:29 PM", "wait": "0:04:59.591482"}}, "Patient 40": {"Registration": {"arrival": "12:25:54 PM", "start": "12:25:54 PM", "finish": "12:32:57 PM", "wait": "0:00:00"}, "Consultation 1": {"arrival": "12:32:57 PM", "start": "15:01:21 PM", "finish": "15:15:25 PM", "wait": "2:28:23.758383"}}, "Patient 41": {"Registration": {"arrival": "12:47:53 PM", "start": "12:47:53 PM", "finish": "12:54:54 PM", "wait": "0:00:00"}, "Consultation 1": {"arrival": "17:54:01 PM", "start": "17:54:01 PM", "finish": "18:08:03 PM", "wait": "0:00:00"}, "Billing": {"arrival": "18:08:03 PM", "start": "18:58:33 PM", "finish": "19:08:38 PM", "wait": "0:50:29.828985"}, "Xray": {"arrival": "16:57:59 PM", "start": "17:32:57 PM", "finish": "17:54:01 PM", "wait": "0:34:57.715400"}}, "Patient 42": {"Registration": {"arrival": "13:05:53 PM", "start": "13:05:53 PM", "finish": "13:12:56 PM", "wait": "0:00:00"}, "Consultation 2": {"arrival": "13:12:56 PM", "start": "13:12:56 PM", "finish": "13:27:00 PM", "wait": "0:00:00"}, "Billing": {"arrival": "13:58:05 PM", "start": "14:47:25 PM", "finish": "14:57:26 PM", "wait": "0:49:19.171357"}, "Xray": {"arrival": "13:37:03 PM", "start": "13:37:03 PM", "finish": "13:58:05 PM", "wait": "0:00:00"}, "Pharmacy": {"arrival": "14:57:26 PM", "start": "15:02:23 PM", "finish": "15:17:24 PM", "wait": "0:04:57.460943"}}, "Patient 43": {"Registration": {"arrival": "13:27:53 PM", "start": "13:27:53 PM", "finish": "13:34:57 PM", "wait": "0:00:00"}, "Consultation 2": {"arrival": "13:34:57 PM", "start": "13:34:57 PM", "finish": "13:48:57 PM", "wait": "0:00:00"}, "Billing": {"arrival": "13:48:57 PM", "start": "14:17:15 PM", "finish": "14:27:19 PM", "wait": "0:28:17.849913"}, "Pharmacy": {"arrival": "14:27:19 PM", "start": "14:32:19 PM", "finish": "14:47:20 PM", "wait": "0:05:00.778970"}, "Dressing": {"arrival": "14:47:20 PM", "start": "14:47:20 PM", "finish": "15:02:23 PM", "wait": "0:00:00"}}, "Patient 44": {"Billing": {"arrival": "13:42:52 PM", "start": "13:47:10 PM", "finish": "13:57:13 PM", "wait": "0:04:18.932530"}, "Scan": {"arrival": "13:57:13 PM", "start": "13:57:13 PM", "finish": "14:25:14 PM", "wait": "0:00:00"}}, "Patient 45": {"Billing": {"arrival": "13:42:52 PM", "start": "13:57:13 PM", "finish": "14:07:14 PM", "wait": "0:14:21.793517"}, "Scan": {"arrival": "14:07:14 PM", "start": "14:25:14 PM", "finish": "14:53:16 PM", "wait": "0:17:59.914243"}}, "Patient 46": {"Billing": {"arrival": "13:55:52 PM", "start": "14:37:22 PM", "finish": "14:47:25 PM", "wait": "0:41:30.505209"}, "Scan": {"arrival": "14:47:25 PM", "start": "14:53:16 PM", "finish": "15:21:21 PM", "wait": "0:05:51.919557"}}, "Patient 47": {"Registration": {"arrival": "14:07:52 PM", "start": "14:07:52 PM", "finish": "14:14:54 PM", "wait": "0:00:00"}, "Consultation 2": {"arrival": "14:14:54 PM", "start": "14:14:54 PM", "finish": "14:28:59 PM", "wait": "0:00:00"}, "Billing": {"arrival": "14:28:59 PM", "start": "15:17:31 PM", "finish": "15:27:35 PM", "wait": "0:48:32.030274"}, "Injection": {"arrival": "15:27:35 PM", "start": "15:27:35 PM", "finish": "15:38:40 PM", "wait": "0:00:00"}}, "Patient 48": {"Xray": {"arrival": "14:19:51 PM", "start": "14:19:51 PM", "finish": "14:40:52 PM", "wait": "0:00:00"}}, "Patient 49": {"Registration": {"arrival": "14:27:50 PM", "start": "14:27:50 PM", "finish": "14:34:53 PM", "wait": "0:00:00"}, "Consultation 2": {"arrival": "14:34:53 PM", "start": "14:34:53 PM", "finish": "14:48:54 PM", "wait": "0:00:00"}, "Billing": {"arrival": "14:48:54 PM", "start": "15:57:46 PM", "finish": "16:07:47 PM", "wait": "1:08:51.563878"}, "Dressing": {"arrival": "16:07:47 PM", "start": "16:07:47 PM", "finish": "16:22:51 PM", "wait": "0:00:00"}}, "Patient 50": {"Billing": {"arrival": "16:08:46 PM", "start": "17:48:11 PM", "finish": "17:58:16 PM", "wait": "1:39:25.547515"}, "Xray": {"arrival": "15:47:42 PM", "start": "15:47:42 PM", "finish": "16:08:46 PM", "wait": "0:00:00"}, "Pharmacy": {"arrival": "17:58:16 PM", "start": "18:03:15 PM", "finish": "18:18:17 PM", "wait": "0:04:59.251137"}}, "Patient 51": {"Registration": {"arrival": "14:57:49 PM", "start": "14:57:49 PM", "finish": "15:04:53 PM", "wait": "0:00:00"}, "Consultation 2": {"arrival": "15:04:53 PM", "start": "15:04:53 PM", "finish": "15:18:56 PM", "wait": "0:00:00"}, "Billing": {"arrival": "15:18:56 PM", "start": "16:17:52 PM", "finish": "16:27:55 PM", "wait": "0:58:55.653144"}, "Pharmacy": {"arrival": "16:27:55 PM", "start": "16:27:55 PM", "finish": "16:42:57 PM", "wait": "0:00:00"}}, "Patient 52": {"Registration": {"arrival": "15:05:48 PM", "start": "15:05:48 PM", "finish": "15:12:51 PM", "wait": "0:00:00"}, "Consultation 2": {"arrival": "15:12:51 PM", "start": "15:18:56 PM", "finish": "15:33:00 PM", "wait": "0:06:04.921154"}, "Billing": {"arrival": "17:32:57 PM", "start": "18:38:28 PM", "finish": "18:48:31 PM", "wait": "1:05:31.193708"}, "Xray": {"arrival": "16:47:59 PM", "start": "17:11:52 PM", "finish": "17:32:57 PM", "wait": "0:23:52.963131"}}, "Patient 53": {"Registration": {"arrival": "15:27:48 PM", "start": "15:27:48 PM", "finish": "15:34:49 PM", "wait": "0:00:00"}, "Consultation 2": {"arrival": "15:34:49 PM", "start": "15:34:49 PM", "finish": "15:48:53 PM", "wait": "0:00:00"}, "Billing": {"arrival": "15:48:53 PM", "start": "17:08:02 PM", "finish": "17:18:04 PM", "wait": "1:19:08.179053"}, "Pharmacy": {"arrival": "17:18:04 PM", "start": "17:18:04 PM", "finish": "17:33:05 PM", "wait": "0:00:00"}}, "Patient 54": {"Registration": {"arrival": "15:30:48 PM", "start": "15:34:49 PM", "finish": "15:41:53 PM", "wait": "0:04:01.959789"}, "Consultation 2": {"arrival": "15:41:53 PM", "start": "15:48:53 PM", "finish": "16:02:57 PM", "wait": "0:07:00.564630"}, "Billing": {"arrival": "16:02:57 PM", "start": "17:38:09 PM", "finish": "17:48:11 PM", "wait": "1:35:11.692022"}, "Pharmacy": {"arrival": "17:48:11 PM", "start": "17:48:11 PM", "finish": "18:03:15 PM", "wait": "0:00:00"}}, "Patient 55": {"Billing": {"arrival": "15:47:47 PM", "start": "16:57:59 PM", "finish": "17:08:02 PM", "wait": "1:10:12.808801"}, "Xray": {"arrival": "17:08:02 PM", "start": "17:54:01 PM", "finish": "18:15:03 PM", "wait": "0:45:58.953192"}}, "Patient 56": {"Billing": {"arrival": "15:57:47 PM", "start": "17:28:08 PM", "finish": "17:38:09 PM", "wait": "1:30:21.449828"}, "Xray": {"arrival": "17:38:09 PM", "start": "18:57:12 PM", "finish": "19:18:14 PM", "wait": "1:19:03.065978"}}, "Patient 57": {"Registration": {"arrival": "16:14:47 PM", "start": "16:14:47 PM", "finish": "16:21:50 PM", "wait": "0:00:00"}, "Consultation 2": {"arrival": "16:21:50 PM", "start": "16:21:50 PM", "finish": "16:35:52 PM", "wait": "0:00:00"}, "Billing": {"arrival": "16:35:52 PM", "start": "18:08:20 PM", "finish": "18:18:24 PM", "wait": "1:32:27.283963"}, "Pharmacy": {"arrival": "18:18:24 PM", "start": "18:18:24 PM", "finish": "18:33:26 PM", "wait": "0:00:00"}}, "Patient 58": {"Billing": {"arrival": "16:25:47 PM", "start": "17:58:16 PM", "finish": "18:08:20 PM", "wait": "1:32:29.222124"}, "Scan": {"arrival": "18:08:20 PM", "start": "18:08:20 PM", "finish": "18:36:20 PM", "wait": "0:00:00"}}, "Patient 59": {"Registration": {"arrival": "16:27:46 PM", "start": "16:27:46 PM", "finish": "16:34:49 PM", "wait": "0:00:00"}, "Consultation 2": {"arrival": "16:34:49 PM", "start": "16:35:52 PM", "finish": "16:49:54 PM", "wait": "0:01:03.819402"}}, "Patient 60": {"Xray": {"arrival": "16:27:46 PM", "start": "16:50:48 PM", "finish": "17:11:52 PM", "wait": "0:23:02.650325"}}, "Patient 61": {"Registration": {"arrival": "16:59:45 PM", "start": "16:59:45 PM", "finish": "17:06:45 PM", "wait": "0:00:00"}, "Consultation 2": {"arrival": "17:06:45 PM", "start": "17:06:45 PM", "finish": "17:20:48 PM", "wait": "0:00:00"}}, "Patient 62": {"Registration": {"arrival": "17:07:45 PM", "start": "17:07:45 PM", "finish": "17:14:47 PM", "wait": "0:00:00"}, "Consultation 2": {"arrival": "17:14:47 PM", "start": "17:20:48 PM", "finish": "17:34:52 PM", "wait": "0:06:01.485941"}}, "Patient 63": {"Xray": {"arrival": "17:27:45 PM", "start": "18:15:03 PM", "finish": "18:36:08 PM", "wait": "0:47:18.854810"}}, "Patient 64": {"Billing": {"arrival": "17:27:45 PM", "start": "18:28:26 PM", "finish": "18:38:28 PM", "wait": "1:00:41.724713"}, "Xray": {"arrival": "18:38:28 PM", "start": "19:18:14 PM", "finish": "19:39:18 PM", "wait": "0:39:46.001021"}}, "Patient 65": {"Xray": {"arrival": "17:37:45 PM", "start": "18:36:08 PM", "finish": "18:57:12 PM", "wait": "0:58:23.140032"}}, "Patient 66": {"Registration": {"arrival": "17:37:45 PM", "start": "17:37:45 PM", "finish": "17:44:45 PM", "wait": "0:00:00"}, "Consultation 2": {"arrival": "17:44:45 PM", "start": "17:44:45 PM", "finish": "17:58:46 PM", "wait": "0:00:00"}, "Billing": {"arrival": "17:58:46 PM", "start": "18:48:31 PM", "finish": "18:58:33 PM", "wait": "0:49:45.275317"}}}