{"Patient 0": {"Registration": {"arrival": "07:30:00 AM", "start": "07:30:00 AM", "finish": "07:37:01 AM", "wait": "0:00:00"}, "Consultation 1": {"arrival": "07:37:01 AM", "start": "08:00:01 AM", "finish": "08:14:06 AM", "wait": "0:23:00"}}, "Patient 1": {"Xray": {"arrival": "07:30:00 AM", "start": "08:00:00 AM", "finish": "08:21:00 AM", "wait": "0:30:00"}}, "Patient 2": {"Xray": {"arrival": "07:30:00 AM", "start": "08:21:00 AM", "finish": "08:42:04 AM", "wait": "0:51:00.017724"}}, "Patient 3": {"Registration": {"arrival": "07:31:00 AM", "start": "07:37:01 AM", "finish": "07:44:03 AM", "wait": "0:06:01.718973"}}, "Patient 4": {"Xray": {"arrival": "07:31:00 AM", "start": "08:42:04 AM", "finish": "09:03:05 AM", "wait": "1:11:04.712194"}}, "Patient 5": {"Registration": {"arrival": "07:31:00 AM", "start": "07:44:03 AM", "finish": "07:51:06 AM", "wait": "0:13:03.192592"}, "Consultation 1": {"arrival": "07:51:06 AM", "start": "08:14:06 AM", "finish": "08:28:10 AM", "wait": "0:22:59.973265"}}, "Patient 6": {"Registration": {"arrival": "07:32:00 AM", "start": "07:51:06 AM", "finish": "07:58:06 AM", "wait": "0:19:06.572169"}, "Consultation 1": {"arrival": "07:58:06 AM", "start": "08:28:10 AM", "finish": "08:42:14 AM", "wait": "0:30:03.406871"}, "Billing": {"arrival": "10:06:14 AM", "start": "10:06:14 AM", "finish": "10:16:15 AM", "wait": "0:00:00"}, "Xray": {"arrival": "08:52:18 AM", "start": "09:45:11 AM", "finish": "10:06:14 AM", "wait": "0:52:53.005579"}, "Pharmacy": {"arrival": "10:16:15 AM", "start": "10:16:15 AM", "finish": "10:31:17 AM", "wait": "0:00:00"}}, "Patient 7": {"Registration": {"arrival": "07:33:00 AM", "start": "07:58:06 AM", "finish": "08:05:08 AM", "wait": "0:25:06.792639"}, "Consultation 1": {"arrival": "10:48:17 AM", "start": "12:12:54 PM", "finish": "12:26:57 PM", "wait": "1:24:37.129771"}, "Billing": {"arrival": "08:56:18 AM", "start": "08:56:18 AM", "finish": "09:06:21 AM", "wait": "0:00:00"}, "Xray": {"arrival": "09:06:21 AM", "start": "10:27:14 AM", "finish": "10:48:17 AM", "wait": "1:20:52.876716"}}, "Patient 8": {"Billing": {"arrival": "07:36:59 AM", "start": "07:36:59 AM", "finish": "07:47:01 AM", "wait": "0:00:00"}, "Scan": {"arrival": "07:47:01 AM", "start": "08:00:01 AM", "finish": "08:28:04 AM", "wait": "0:13:00"}}, "Patient 9": {"Xray": {"arrival": "07:37:59 AM", "start": "09:03:05 AM", "finish": "09:24:06 AM", "wait": "1:25:06.890565"}}, "Patient 10": {"Registration": {"arrival": "07:39:59 AM", "start": "08:05:08 AM", "finish": "08:12:12 AM", "wait": "0:25:09.813455"}}, "Patient 11": {"Registration": {"arrival": "07:42:59 AM", "start": "08:12:12 AM", "finish": "08:19:14 AM", "wait": "0:29:13.840905"}, "Consultation 1": {"arrival": "08:19:14 AM", "start": "08:56:18 AM", "finish": "09:10:22 AM", "wait": "0:37:04.014813"}, "Billing": {"arrival": "09:10:22 AM", "start": "09:16:57 AM", "finish": "09:26:59 AM", "wait": "0:06:35.350868"}, "Pharmacy": {"arrival": "09:57:06 AM", "start": "09:57:06 AM", "finish": "10:12:07 AM", "wait": "0:00:00"}, "Dressing": {"arrival": "09:42:04 AM", "start": "09:42:04 AM", "finish": "09:57:06 AM", "wait": "0:00:00"}}, "Patient 12": {"Registration": {"arrival": "07:42:59 AM", "start": "08:19:14 AM", "finish": "08:26:14 AM", "wait": "0:36:15.839505"}, "Consultation 1": {"arrival": "11:51:28 AM", "start": "12:41:01 PM", "finish": "12:55:02 PM", "wait": "0:49:32.495633"}, "Billing": {"arrival": "12:55:02 PM", "start": "12:57:53 PM", "finish": "13:07:57 PM", "wait": "0:02:51.635564"}, "Xray": {"arrival": "09:37:00 AM", "start": "11:30:26 AM", "finish": "11:51:28 AM", "wait": "1:53:25.902605"}, "Pharmacy": {"arrival": "13:07:57 PM", "start": "13:07:57 PM", "finish": "13:23:00 PM", "wait": "0:00:00"}, "Dressing": {"arrival": "13:23:00 PM", "start": "13:23:00 PM", "finish": "13:38:01 PM", "wait": "0:00:00"}}, "Patient 13": {"Registration": {"arrival": "07:42:59 AM", "start": "08:26:14 AM", "finish": "08:33:15 AM", "wait": "0:43:15.958757"}}, "Patient 14": {"Registration": {"arrival": "07:47:58 AM", "start": "08:33:15 AM", "finish": "08:40:17 AM", "wait": "0:45:17.602105"}, "Consultation 1": {"arrival": "12:12:33 PM", "start": "12:55:02 PM", "finish": "13:09:05 PM", "wait": "0:42:28.608279"}, "Billing": {"arrival": "13:09:05 PM", "start": "13:09:05 PM", "finish": "13:19:09 PM", "wait": "0:00:00"}, "Xray": {"arrival": "09:48:28 AM", "start": "11:51:28 AM", "finish": "12:12:33 PM", "wait": "2:03:00.084148"}, "Pharmacy": {"arrival": "13:19:09 PM", "start": "13:23:00 PM", "finish": "13:38:01 PM", "wait": "0:03:50.979182"}, "Dressing": {"arrival": "13:38:01 PM", "start": "13:38:01 PM", "finish": "13:53:02 PM", "wait": "0:00:00.544532"}}, "Patient 15": {"Registration": {"arrival": "07:47:58 AM", "start": "08:40:17 AM", "finish": "08:47:20 AM", "wait": "0:52:19.987353"}, "Consultation 1": {"arrival": "08:47:20 AM", "start": "09:38:26 AM", "finish": "09:52:30 AM", "wait": "0:51:06.787620"}}, "Patient 16": {"Registration": {"arrival": "07:48:58 AM", "start": "08:47:20 AM", "finish": "08:54:22 AM", "wait": "0:58:22.137307"}, "Consultation 1": {"arrival": "08:54:22 AM", "start": "09:52:30 AM", "finish": "10:06:30 AM", "wait": "0:58:07.617545"}, "Billing": {"arrival": "10:06:30 AM", "start": "10:16:15 AM", "finish": "10:26:17 AM", "wait": "0:09:45.064362"}, "Pharmacy": {"arrival": "11:01:22 AM", "start": "11:01:22 AM", "finish": "11:16:26 AM", "wait": "0:00:00"}, "Dressing": {"arrival": "10:46:17 AM", "start": "10:46:17 AM", "finish": "11:01:22 AM", "wait": "0:00:00"}}, "Patient 17": {"Billing": {"arrival": "07:55:57 AM", "start": "07:55:57 AM", "finish": "08:06:01 AM", "wait": "0:00:00"}, "Scan": {"arrival": "08:06:01 AM", "start": "08:28:04 AM", "finish": "08:56:07 AM", "wait": "0:22:03.199039"}}, "Patient 18": {"Registration": {"arrival": "08:01:57 AM", "start": "08:54:22 AM", "finish": "09:01:27 AM", "wait": "0:52:25.918393"}, "Consultation 1": {"arrival": "09:01:27 AM", "start": "10:06:30 AM", "finish": "10:20:34 AM", "wait": "1:05:02.929964"}, "Billing": {"arrival": "13:15:42 PM", "start": "13:19:09 PM", "finish": "13:29:11 PM", "wait": "0:03:26.964272"}, "Xray": {"arrival": "10:46:20 AM", "start": "12:54:38 PM", "finish": "13:15:42 PM", "wait": "2:08:18.241042"}, "Pharmacy": {"arrival": "13:29:11 PM", "start": "13:38:01 PM", "finish": "13:53:01 PM", "wait": "0:08:49.452804"}, "Dressing": {"arrival": "13:53:01 PM", "start": "13:53:02 PM", "finish": "14:08:07 PM", "wait": "0:00:00.768816"}}, "Patient 19": {"Registration": {"arrival": "08:04:57 AM", "start": "09:01:27 AM", "finish": "09:08:31 AM", "wait": "0:56:30.828077"}, "Consultation 1": {"arrival": "13:36:43 PM", "start": "13:36:43 PM", "finish": "13:50:47 PM", "wait": "0:00:00"}, "Billing": {"arrival": "13:50:47 PM", "start": "13:50:47 PM", "finish": "14:00:49 PM", "wait": "0:00:00"}, "Xray": {"arrival": "10:56:24 AM", "start": "13:15:42 PM", "finish": "13:36:43 PM", "wait": "2:19:18.649120"}, "Pharmacy": {"arrival": "14:00:49 PM", "start": "14:23:05 PM", "finish": "14:38:05 PM", "wait": "0:22:16.079814"}}, "Patient 20": {"Registration": {"arrival": "08:07:57 AM", "start": "09:08:31 AM", "finish": "09:15:31 AM", "wait": "1:00:34.338258"}}, "Patient 21": {"Registration": {"arrival": "08:16:57 AM", "start": "09:15:31 AM", "finish": "09:22:33 AM", "wait": "0:58:34.849106"}, "Consultation 1": {"arrival": "09:22:33 AM", "start": "10:34:37 AM", "finish": "10:48:38 AM", "wait": "1:12:03.838401"}}, "Patient 22": {"Xray": {"arrival": "08:19:57 AM", "start": "09:24:06 AM", "finish": "09:45:11 AM", "wait": "1:04:09.883143"}}, "Patient 23": {"Registration": {"arrival": "08:49:56 AM", "start": "09:22:33 AM", "finish": "09:29:34 AM", "wait": "0:32:37.563898"}, "Consultation 1": {"arrival": "09:29:34 AM", "start": "10:48:38 AM", "finish": "11:02:42 AM", "wait": "1:19:04.021660"}}, "Patient 24": {"Registration": {"arrival": "08:55:56 AM", "start": "09:29:34 AM", "finish": "09:36:35 AM", "wait": "0:33:38.264881"}, "Consultation 1": {"arrival": "09:36:35 AM", "start": "11:02:42 AM", "finish": "11:16:43 AM", "wait": "1:26:07.380626"}, "Billing": {"arrival": "11:16:43 AM", "start": "11:16:43 AM", "finish": "11:26:44 AM", "wait": "0:00:00"}, "Injection": {"arrival": "11:26:44 AM", "start": "11:26:44 AM", "finish": "11:37:48 AM", "wait": "0:00:00"}}, "Patient 25": {"Xray": {"arrival": "09:02:56 AM", "start": "10:06:14 AM", "finish": "10:27:14 AM", "wait": "1:03:18.491646"}}, "Patient 26": {"Billing": {"arrival": "09:06:56 AM", "start": "09:06:56 AM", "finish": "09:16:57 AM", "wait": "0:00:00"}, "Xray": {"arrival": "09:16:57 AM", "start": "10:48:17 AM", "finish": "11:09:21 AM", "wait": "1:31:19.697291"}}, "Patient 27": {"Registration": {"arrival": "09:16:56 AM", "start": "09:36:35 AM", "finish": "09:43:38 AM", "wait": "0:19:39.169035"}, "Consultation 1": {"arrival": "09:43:38 AM", "start": "11:16:43 AM", "finish": "11:30:44 AM", "wait": "1:33:04.403768"}, "Billing": {"arrival": "12:08:50 PM", "start": "12:14:51 PM", "finish": "12:24:51 PM", "wait": "0:06:00.538372"}, "Scan": {"arrival": "11:40:46 AM", "start": "11:40:46 AM", "finish": "12:08:50 PM", "wait": "0:00:00"}, "Pharmacy": {"arrival": "12:24:51 PM", "start": "12:24:54 PM", "finish": "12:39:57 PM", "wait": "0:00:02.849940"}}, "Patient 28": {"Xray": {"arrival": "09:21:56 AM", "start": "11:09:21 AM", "finish": "11:30:26 AM", "wait": "1:47:25.545202"}}, "Patient 29": {"Billing": {"arrival": "13:23:08 PM", "start": "13:29:11 PM", "finish": "13:39:13 PM", "wait": "0:06:03.019332"}, "Xray": {"arrival": "09:58:29 AM", "start": "12:12:33 PM", "finish": "12:33:34 PM", "wait": "2:14:03.696816"}, "Consultation 1": {"arrival": "12:33:34 PM", "start": "13:09:05 PM", "finish": "13:23:08 PM", "wait": "0:35:31.153989"}, "Pharmacy": {"arrival": "13:39:13 PM", "start": "13:53:01 PM", "finish": "14:08:04 PM", "wait": "0:13:48.491922"}}, "Patient 30": {"Registration": {"arrival": "09:56:56 AM", "start": "09:56:56 AM", "finish": "10:03:56 AM", "wait": "0:00:00"}, "Consultation 1": {"arrival": "10:03:56 AM", "start": "11:30:44 AM", "finish": "11:44:49 AM", "wait": "1:26:48.386676"}, "Billing": {"arrival": "11:44:49 AM", "start": "11:44:49 AM", "finish": "11:54:49 AM", "wait": "0:00:00"}, "Pharmacy": {"arrival": "11:54:49 AM", "start": "11:54:49 AM", "finish": "12:09:50 PM", "wait": "0:00:00"}}, "Patient 31": {"Registration": {"arrival": "10:08:56 AM", "start": "10:08:56 AM", "finish": "10:15:57 AM", "wait": "0:00:00"}, "Consultation 1": {"arrival": "10:15:57 AM", "start": "11:44:49 AM", "finish": "11:58:52 AM", "wait": "1:28:52.088067"}, "Billing": {"arrival": "11:58:52 AM", "start": "12:04:50 PM", "finish": "12:14:51 PM", "wait": "0:05:58.570135"}, "Injection": {"arrival": "12:14:51 PM", "start": "12:14:51 PM", "finish": "12:25:51 PM", "wait": "0:00:00"}}, "Patient 32": {"Billing": {"arrival": "10:09:56 AM", "start": "10:26:17 AM", "finish": "10:36:19 AM", "wait": "0:16:21.532672"}, "Xray": {"arrival": "10:36:19 AM", "start": "12:33:34 PM", "finish": "12:54:38 PM", "wait": "1:57:15.274391"}}, "Patient 33": {"Registration": {"arrival": "10:33:56 AM", "start": "10:33:56 AM", "finish": "10:40:58 AM", "wait": "0:00:00"}, "Consultation 1": {"arrival": "10:40:58 AM", "start": "11:58:52 AM", "finish": "12:12:54 PM", "wait": "1:17:54.055555"}, "Billing": {"arrival": "12:12:54 PM", "start": "12:24:51 PM", "finish": "12:34:53 PM", "wait": "0:11:57.316133"}, "Pharmacy": {"arrival": "12:34:53 PM", "start": "12:39:57 PM", "finish": "12:54:57 PM", "wait": "0:05:03.767071"}}, "Patient 34": {"Billing": {"arrival": "10:34:56 AM", "start": "10:56:24 AM", "finish": "11:06:25 AM", "wait": "0:21:28.303388"}, "Scan": {"arrival": "11:06:25 AM", "start": "11:06:25 AM", "finish": "11:34:25 AM", "wait": "0:00:00"}}, "Patient 35": {"Registration": {"arrival": "10:40:56 AM", "start": "10:40:58 AM", "finish": "10:47:58 AM", "wait": "0:00:02.082995"}, "Consultation 2": {"arrival": "10:47:58 AM", "start": "10:47:58 AM", "finish": "11:02:01 AM", "wait": "0:00:00"}, "Billing": {"arrival": "11:02:01 AM", "start": "11:06:25 AM", "finish": "11:16:29 AM", "wait": "0:04:23.881891"}, "Pharmacy": {"arrival": "11:16:29 AM", "start": "11:16:29 AM", "finish": "11:31:32 AM", "wait": "0:00:00"}, "Dressing": {"arrival": "11:31:32 AM", "start": "11:31:32 AM", "finish": "11:46:33 AM", "wait": "0:00:00"}}, "Patient 36": {"Xray": {"arrival": "11:07:56 AM", "start": "13:36:43 PM", "finish": "13:57:45 PM", "wait": "2:28:47.160133"}}, "Patient 37": {"Registration": {"arrival": "11:19:56 AM", "start": "11:19:56 AM", "finish": "11:27:00 AM", "wait": "0:00:00"}, "Consultation 1": {"arrival": "11:27:00 AM", "start": "12:26:57 PM", "finish": "12:41:01 PM", "wait": "0:59:57.051167"}}, "Patient 38": {"Registration": {"arrival": "11:27:56 AM", "start": "11:27:56 AM", "finish": "11:34:58 AM", "wait": "0:00:00"}, "Consultation 2": {"arrival": "11:34:58 AM", "start": "11:34:58 AM", "finish": "11:48:59 AM", "wait": "0:00:00"}, "Billing": {"arrival": "11:48:59 AM", "start": "11:54:49 AM", "finish": "12:04:50 PM", "wait": "0:05:49.514512"}, "Pharmacy": {"arrival": "12:04:50 PM", "start": "12:09:50 PM", "finish": "12:24:54 PM", "wait": "0:04:59.600092"}}, "Patient 39": {"Xray": {"arrival": "11:52:55 AM", "start": "13:57:45 PM", "finish": "14:18:50 PM", "wait": "2:04:50.961337"}}, "Patient 40": {"Xray": {"arrival": "12:25:54 PM", "start": "14:18:50 PM", "finish": "14:39:54 PM", "wait": "1:52:56.908491"}}, "Patient 41": {"Billing": {"arrival": "15:14:56 PM", "start": "15:27:58 PM", "finish": "15:38:01 PM", "wait": "0:13:02.099515"}, "Xray": {"arrival": "12:57:53 PM", "start": "14:39:54 PM", "finish": "15:00:54 PM", "wait": "1:42:00.302529"}, "Consultation 1": {"arrival": "15:00:54 PM", "start": "15:00:54 PM", "finish": "15:14:56 PM", "wait": "0:00:00"}, "Pharmacy": {"arrival": "15:38:01 PM", "start": "15:38:01 PM", "finish": "15:53:04 PM", "wait": "0:00:00"}}, "Patient 42": {"Registration": {"arrival": "13:05:53 PM", "start": "13:05:53 PM", "finish": "13:12:57 PM", "wait": "0:00:00"}, "Consultation 2": {"arrival": "13:12:57 PM", "start": "13:12:57 PM", "finish": "13:26:59 PM", "wait": "0:00:00"}, "Billing": {"arrival": "13:26:59 PM", "start": "13:39:13 PM", "finish": "13:49:17 PM", "wait": "0:12:14.318353"}, "Pharmacy": {"arrival": "13:49:17 PM", "start": "14:08:04 PM", "finish": "14:23:05 PM", "wait": "0:18:46.692452"}, "Dressing": {"arrival": "14:23:05 PM", "start": "14:23:05 PM", "finish": "14:38:09 PM", "wait": "0:00:00"}}, "Patient 43": {"Xray": {"arrival": "13:27:53 PM", "start": "15:00:54 PM", "finish": "15:21:56 PM", "wait": "1:33:01.280470"}}, "Patient 44": {"Registration": {"arrival": "13:42:52 PM", "start": "13:42:52 PM", "finish": "13:49:55 PM", "wait": "0:00:00"}, "Consultation 2": {"arrival": "13:49:55 PM", "start": "13:49:55 PM", "finish": "14:03:55 PM", "wait": "0:00:00"}}, "Patient 45": {"Registration": {"arrival": "13:42:52 PM", "start": "13:49:55 PM", "finish": "13:56:57 PM", "wait": "0:07:03.129658"}, "Consultation 2": {"arrival": "13:56:57 PM", "start": "14:03:55 PM", "finish": "14:18:00 PM", "wait": "0:06:58.221712"}}, "Patient 46": {"Registration": {"arrival": "13:55:52 PM", "start": "13:56:57 PM", "finish": "14:03:57 PM", "wait": "0:01:05.032285"}, "Consultation 2": {"arrival": "14:03:57 PM", "start": "14:18:00 PM", "finish": "14:32:01 PM", "wait": "0:14:02.579341"}, "Billing": {"arrival": "14:32:01 PM", "start": "14:37:51 PM", "finish": "14:47:52 PM", "wait": "0:05:49.197101"}, "Pharmacy": {"arrival": "14:47:52 PM", "start": "14:47:52 PM", "finish": "15:02:56 PM", "wait": "0:00:00"}}, "Patient 47": {"Registration": {"arrival": "14:07:52 PM", "start": "14:07:52 PM", "finish": "14:14:53 PM", "wait": "0:00:00"}, "Consultation 2": {"arrival": "14:14:53 PM", "start": "14:32:01 PM", "finish": "14:46:04 PM", "wait": "0:17:08.652283"}, "Billing": {"arrival": "14:46:04 PM", "start": "14:57:55 PM", "finish": "15:07:56 PM", "wait": "0:11:51.262263"}, "Pharmacy": {"arrival": "15:07:56 PM", "start": "15:07:56 PM", "finish": "15:22:58 PM", "wait": "0:00:00"}}, "Patient 48": {"Registration": {"arrival": "14:19:51 PM", "start": "14:19:51 PM", "finish": "14:26:52 PM", "wait": "0:00:00"}, "Consultation 2": {"arrival": "14:26:52 PM", "start": "14:46:04 PM", "finish": "15:00:06 PM", "wait": "0:19:12.306151"}, "Billing": {"arrival": "15:00:06 PM", "start": "15:07:56 PM", "finish": "15:17:57 PM", "wait": "0:07:50.032146"}, "Injection": {"arrival": "15:17:57 PM", "start": "15:17:57 PM", "finish": "15:29:01 PM", "wait": "0:00:00"}}, "Patient 49": {"Billing": {"arrival": "14:27:50 PM", "start": "14:27:50 PM", "finish": "14:37:51 PM", "wait": "0:00:00"}, "Xray": {"arrival": "14:37:51 PM", "start": "15:21:56 PM", "finish": "15:43:00 PM", "wait": "0:44:05.196861"}}, "Patient 50": {"Billing": {"arrival": "14:37:50 PM", "start": "14:47:52 PM", "finish": "14:57:55 PM", "wait": "0:10:02.905180"}, "Xray": {"arrival": "14:57:55 PM", "start": "15:43:00 PM", "finish": "16:04:04 PM", "wait": "0:45:04.686011"}}, "Patient 51": {"Registration": {"arrival": "14:57:49 PM", "start": "14:57:49 PM", "finish": "15:04:50 PM", "wait": "0:00:00"}, "Consultation 2": {"arrival": "15:04:50 PM", "start": "15:04:50 PM", "finish": "15:18:54 PM", "wait": "0:00:00"}, "Billing": {"arrival": "15:18:54 PM", "start": "15:38:01 PM", "finish": "15:48:01 PM", "wait": "0:19:06.308635"}, "Pharmacy": {"arrival": "15:48:01 PM", "start": "15:53:04 PM", "finish": "16:08:08 PM", "wait": "0:05:02.872433"}}, "Patient 52": {"Billing": {"arrival": "16:25:08 PM", "start": "16:28:49 PM", "finish": "16:38:52 PM", "wait": "0:03:41.216956"}, "Xray": {"arrival": "15:27:58 PM", "start": "16:04:04 PM", "finish": "16:25:08 PM", "wait": "0:36:06.057224"}, "Pharmacy": {"arrival": "16:38:52 PM", "start": "16:38:52 PM", "finish": "16:53:56 PM", "wait": "0:00:00"}}, "Patient 53": {"Registration": {"arrival": "15:27:48 PM", "start": "15:27:48 PM", "finish": "15:34:50 PM", "wait": "0:00:00"}, "Consultation 2": {"arrival": "15:34:50 PM", "start": "15:34:50 PM", "finish": "15:48:53 PM", "wait": "0:00:00"}, "Billing": {"arrival": "15:48:53 PM", "start": "15:48:53 PM", "finish": "15:58:55 PM", "wait": "0:00:00"}, "Dressing": {"arrival": "15:58:55 PM", "start": "15:58:55 PM", "finish": "16:13:57 PM", "wait": "0:00:00"}}, "Patient 54": {"Registration": {"arrival": "15:30:48 PM", "start": "15:34:50 PM", "finish": "15:41:52 PM", "wait": "0:04:02.068788"}, "Consultation 2": {"arrival": "17:07:11 PM", "start": "17:20:52 PM", "finish": "17:34:54 PM", "wait": "0:13:40.757291"}, "Billing": {"arrival": "16:02:57 PM", "start": "16:02:57 PM", "finish": "16:12:57 PM", "wait": "0:00:00"}, "Xray": {"arrival": "16:12:57 PM", "start": "16:46:09 PM", "finish": "17:07:11 PM", "wait": "0:33:11.346113"}}, "Patient 55": {"Xray": {"arrival": "15:47:47 PM", "start": "16:25:08 PM", "finish": "16:46:09 PM", "wait": "0:37:21.658831"}}, "Patient 56": {"Registration": {"arrival": "15:57:47 PM", "start": "15:57:47 PM", "finish": "16:04:47 PM", "wait": "0:00:00"}, "Consultation 2": {"arrival": "17:49:17 PM", "start": "18:17:00 PM", "finish": "18:31:03 PM", "wait": "0:27:43.337056"}, "Billing": {"arrival": "16:18:49 PM", "start": "16:18:49 PM", "finish": "16:28:49 PM", "wait": "0:00:00"}, "Xray": {"arrival": "16:28:49 PM", "start": "17:28:14 PM", "finish": "17:49:17 PM", "wait": "0:59:24.889584"}}, "Patient 57": {"Registration": {"arrival": "16:14:47 PM", "start": "16:14:47 PM", "finish": "16:21:49 PM", "wait": "0:00:00"}, "Consultation 2": {"arrival": "16:21:49 PM", "start": "16:21:49 PM", "finish": "16:35:54 PM", "wait": "0:00:00"}, "Billing": {"arrival": "16:35:54 PM", "start": "16:38:52 PM", "finish": "16:48:54 PM", "wait": "0:02:58.455130"}, "Xray": {"arrival": "16:48:54 PM", "start": "17:49:17 PM", "finish": "18:10:19 PM", "wait": "1:00:22.289006"}}, "Patient 58": {"Xray": {"arrival": "16:25:47 PM", "start": "17:07:11 PM", "finish": "17:28:14 PM", "wait": "0:41:24.244495"}}, "Patient 59": {"Registration": {"arrival": "16:27:46 PM", "start": "16:27:46 PM", "finish": "16:34:46 PM", "wait": "0:00:00"}, "Consultation 2": {"arrival": "16:34:46 PM", "start": "16:35:54 PM", "finish": "16:49:55 PM", "wait": "0:01:07.960382"}, "Billing": {"arrival": "16:49:55 PM", "start": "16:49:55 PM", "finish": "16:59:57 PM", "wait": "0:00:00"}, "Pharmacy": {"arrival": "16:59:57 PM", "start": "16:59:57 PM", "finish": "17:14:58 PM", "wait": "0:00:00"}, "Dressing": {"arrival": "17:14:58 PM", "start": "17:14:58 PM", "finish": "17:29:58 PM", "wait": "0:00:00"}}, "Patient 60": {"Registration": {"arrival": "16:27:46 PM", "start": "16:34:46 PM", "finish": "16:41:49 PM", "wait": "0:07:00.484270"}, "Consultation 2": {"arrival": "16:41:49 PM", "start": "16:49:55 PM", "finish": "17:03:58 PM", "wait": "0:08:06.332377"}, "Billing": {"arrival": "17:03:58 PM", "start": "17:03:58 PM", "finish": "17:14:02 PM", "wait": "0:00:00"}, "Xray": {"arrival": "17:14:02 PM", "start": "18:31:24 PM", "finish": "18:52:24 PM", "wait": "1:17:21.244983"}}, "Patient 61": {"Registration": {"arrival": "16:59:45 PM", "start": "16:59:45 PM", "finish": "17:06:48 PM", "wait": "0:00:00"}, "Consultation 2": {"arrival": "17:06:48 PM", "start": "17:06:48 PM", "finish": "17:20:52 PM", "wait": "0:00:00"}, "Billing": {"arrival": "17:20:52 PM", "start": "17:20:52 PM", "finish": "17:30:55 PM", "wait": "0:00:00"}, "Xray": {"arrival": "17:30:55 PM", "start": "18:52:24 PM", "finish": "19:13:25 PM", "wait": "1:21:29.380730"}}, "Patient 62": {"Xray": {"arrival": "17:07:45 PM", "start": "18:10:19 PM", "finish": "18:31:24 PM", "wait": "1:02:34.994414"}}, "Patient 63": {"Registration": {"arrival": "17:27:45 PM", "start": "17:27:45 PM", "finish": "17:34:45 PM", "wait": "0:00:00"}, "Consultation 2": {"arrival": "17:34:45 PM", "start": "17:34:54 PM", "finish": "17:48:58 PM", "wait": "0:00:08.722543"}}, "Patient 64": {"Registration": {"arrival": "17:27:45 PM", "start": "17:34:45 PM", "finish": "17:41:48 PM", "wait": "0:07:00.378496"}, "Consultation 2": {"arrival": "17:41:48 PM", "start": "17:48:58 PM", "finish": "18:02:59 PM", "wait": "0:07:10.202309"}, "Billing": {"arrival": "18:02:59 PM", "start": "18:02:59 PM", "finish": "18:13:02 PM", "wait": "0:00:00"}}, "Patient 65": {"Xray": {"arrival": "17:37:45 PM", "start": "19:13:25 PM", "finish": "19:34:29 PM", "wait": "1:35:40.904492"}}, "Patient 66": {"Registration": {"arrival": "17:37:45 PM", "start": "17:41:48 PM", "finish": "17:48:50 PM", "wait": "0:04:03.078857"}, "Consultation 2": {"arrival": "17:48:50 PM", "start": "18:02:59 PM", "finish": "18:17:00 PM", "wait": "0:14:08.135834"}}}