{"Patient 0": {"Registration": {"arrival": "07:30:00 AM", "start": "07:30:00 AM", "finish": "07:37:01 AM", "wait": "0:00:00"}, "Consultation 1": {"arrival": "09:45:08 AM", "start": "12:41:03 PM", "finish": "12:55:05 PM", "wait": "2:55:55.284776"}, "Billing": {"arrival": "08:14:04 AM", "start": "08:21:15 AM", "finish": "08:31:18 AM", "wait": "0:07:10.988606"}, "Xray": {"arrival": "08:31:18 AM", "start": "09:24:07 AM", "finish": "09:45:08 AM", "wait": "0:52:49.051345"}}, "Patient 1": {"Xray": {"arrival": "07:30:00 AM", "start": "08:00:00 AM", "finish": "08:21:01 AM", "wait": "0:30:00"}}, "Patient 2": {"Registration": {"arrival": "07:30:00 AM", "start": "07:37:01 AM", "finish": "07:44:04 AM", "wait": "0:07:01.243830"}, "Consultation 1": {"arrival": "10:06:11 AM", "start": "13:23:09 PM", "finish": "13:37:09 PM", "wait": "3:16:57.983984"}, "Billing": {"arrival": "08:28:05 AM", "start": "08:31:18 AM", "finish": "08:41:22 AM", "wait": "0:03:13.698672"}, "Xray": {"arrival": "08:41:22 AM", "start": "09:45:08 AM", "finish": "10:06:11 AM", "wait": "1:03:45.435428"}}, "Patient 3": {"Billing": {"arrival": "07:31:00 AM", "start": "07:31:00 AM", "finish": "07:41:03 AM", "wait": "0:00:00"}, "Scan": {"arrival": "07:41:03 AM", "start": "08:00:03 AM", "finish": "08:28:05 AM", "wait": "0:19:00"}}, "Patient 4": {"Registration": {"arrival": "07:31:00 AM", "start": "07:44:04 AM", "finish": "07:51:09 AM", "wait": "0:13:04.936953"}, "Consultation 1": {"arrival": "07:51:09 AM", "start": "08:28:05 AM", "finish": "08:42:06 AM", "wait": "0:36:55.719516"}, "Billing": {"arrival": "08:42:06 AM", "start": "08:42:06 AM", "finish": "08:52:11 AM", "wait": "0:00:00"}, "Pharmacy": {"arrival": "08:52:11 AM", "start": "08:52:11 AM", "finish": "09:07:13 AM", "wait": "0:00:00"}}, "Patient 5": {"Registration": {"arrival": "07:31:00 AM", "start": "07:51:09 AM", "finish": "07:58:11 AM", "wait": "0:20:09.467614"}, "Consultation 1": {"arrival": "07:58:11 AM", "start": "08:42:06 AM", "finish": "08:56:11 AM", "wait": "0:43:55.253282"}, "Billing": {"arrival": "08:56:11 AM", "start": "09:05:56 AM", "finish": "09:15:57 AM", "wait": "0:09:45.880874"}, "Pharmacy": {"arrival": "09:15:57 AM", "start": "09:15:57 AM", "finish": "09:31:01 AM", "wait": "0:00:00"}}, "Patient 6": {"Registration": {"arrival": "07:32:00 AM", "start": "07:58:11 AM", "finish": "08:05:13 AM", "wait": "0:26:11.564251"}, "Consultation 1": {"arrival": "08:05:13 AM", "start": "08:56:11 AM", "finish": "09:10:15 AM", "wait": "0:50:57.475241"}, "Billing": {"arrival": "09:10:15 AM", "start": "09:15:57 AM", "finish": "09:26:01 AM", "wait": "0:05:41.654358"}, "Pharmacy": {"arrival": "10:01:05 AM", "start": "10:01:05 AM", "finish": "10:16:09 AM", "wait": "0:00:00"}, "Dressing": {"arrival": "09:46:02 AM", "start": "09:46:02 AM", "finish": "10:01:05 AM", "wait": "0:00:00"}}, "Patient 7": {"Registration": {"arrival": "07:33:00 AM", "start": "08:05:13 AM", "finish": "08:12:18 AM", "wait": "0:32:13.567583"}, "Consultation 1": {"arrival": "08:12:18 AM", "start": "09:10:15 AM", "finish": "09:24:17 AM", "wait": "0:57:57.825948"}, "Billing": {"arrival": "09:24:17 AM", "start": "09:26:01 AM", "finish": "09:36:05 AM", "wait": "0:01:44.646879"}, "Pharmacy": {"arrival": "09:36:05 AM", "start": "09:46:02 AM", "finish": "10:01:04 AM", "wait": "0:09:56.563266"}}, "Patient 8": {"Billing": {"arrival": "07:36:59 AM", "start": "07:41:03 AM", "finish": "07:51:07 AM", "wait": "0:04:04.507954"}, "Scan": {"arrival": "07:51:07 AM", "start": "08:28:05 AM", "finish": "08:56:08 AM", "wait": "0:36:58.412450"}}, "Patient 9": {"Registration": {"arrival": "07:37:59 AM", "start": "08:12:18 AM", "finish": "08:19:20 AM", "wait": "0:34:19.080492"}, "Consultation 1": {"arrival": "10:48:14 AM", "start": "14:05:14 PM", "finish": "14:19:18 PM", "wait": "3:17:00.124161"}, "Billing": {"arrival": "14:19:18 PM", "start": "15:08:26 PM", "finish": "15:18:31 PM", "wait": "0:49:08.060240"}, "Xray": {"arrival": "09:48:20 AM", "start": "10:27:14 AM", "finish": "10:48:14 AM", "wait": "0:38:53.791774"}, "Pharmacy": {"arrival": "15:18:31 PM", "start": "15:18:31 PM", "finish": "15:33:33 PM", "wait": "0:00:00"}}, "Patient 10": {"Billing": {"arrival": "11:16:49 AM", "start": "11:37:30 AM", "finish": "11:47:32 AM", "wait": "0:20:41.287836"}, "Xray": {"arrival": "08:01:07 AM", "start": "08:42:01 AM", "finish": "09:03:05 AM", "wait": "0:40:54.074045"}, "Consultation 1": {"arrival": "09:03:05 AM", "start": "11:02:45 AM", "finish": "11:16:49 AM", "wait": "1:59:39.279036"}, "Pharmacy": {"arrival": "11:47:32 AM", "start": "11:52:34 AM", "finish": "12:07:39 PM", "wait": "0:05:02.428476"}}, "Patient 11": {"Registration": {"arrival": "07:42:59 AM", "start": "08:19:20 AM", "finish": "08:26:21 AM", "wait": "0:36:21.862113"}, "Consultation 1": {"arrival": "08:26:21 AM", "start": "09:38:19 AM", "finish": "09:52:23 AM", "wait": "1:11:58.573881"}, "Billing": {"arrival": "09:52:23 AM", "start": "09:52:23 AM", "finish": "10:02:26 AM", "wait": "0:00:00"}, "Injection": {"arrival": "10:02:26 AM", "start": "10:02:26 AM", "finish": "10:13:28 AM", "wait": "0:00:00"}}, "Patient 12": {"Registration": {"arrival": "07:42:59 AM", "start": "08:26:21 AM", "finish": "08:33:23 AM", "wait": "0:43:22.064155"}, "Consultation 1": {"arrival": "08:33:23 AM", "start": "09:52:23 AM", "finish": "10:06:28 AM", "wait": "1:19:00.203942"}}, "Patient 13": {"Registration": {"arrival": "07:42:59 AM", "start": "08:33:23 AM", "finish": "08:40:26 AM", "wait": "0:50:24.033886"}, "Consultation 1": {"arrival": "08:40:26 AM", "start": "10:06:28 AM", "finish": "10:20:33 AM", "wait": "1:26:01.566476"}}, "Patient 14": {"Billing": {"arrival": "07:47:58 AM", "start": "08:01:07 AM", "finish": "08:11:10 AM", "wait": "0:13:09.898045"}, "Scan": {"arrival": "08:11:10 AM", "start": "08:56:08 AM", "finish": "09:24:09 AM", "wait": "0:44:58.097818"}}, "Patient 15": {"Registration": {"arrival": "07:47:58 AM", "start": "08:40:26 AM", "finish": "08:47:30 AM", "wait": "0:52:28.654940"}, "Consultation 1": {"arrival": "08:47:30 AM", "start": "10:20:33 AM", "finish": "10:34:37 AM", "wait": "1:33:02.702815"}, "Billing": {"arrival": "10:34:37 AM", "start": "10:47:15 AM", "finish": "10:57:16 AM", "wait": "0:12:37.943541"}, "Pharmacy": {"arrival": "10:57:16 AM", "start": "10:57:16 AM", "finish": "11:12:20 AM", "wait": "0:00:00"}}, "Patient 16": {"Registration": {"arrival": "07:48:58 AM", "start": "08:47:30 AM", "finish": "08:54:31 AM", "wait": "0:58:32.405380"}, "Consultation 1": {"arrival": "08:54:31 AM", "start": "10:34:37 AM", "finish": "10:48:40 AM", "wait": "1:40:06.314846"}, "Billing": {"arrival": "10:48:40 AM", "start": "10:57:16 AM", "finish": "11:07:20 AM", "wait": "0:08:36.539051"}, "Pharmacy": {"arrival": "11:07:20 AM", "start": "11:12:20 AM", "finish": "11:27:22 AM", "wait": "0:04:59.777977"}}, "Patient 17": {"Xray": {"arrival": "07:55:57 AM", "start": "08:21:01 AM", "finish": "08:42:01 AM", "wait": "0:25:04.783248"}}, "Patient 18": {"Registration": {"arrival": "08:01:57 AM", "start": "08:54:31 AM", "finish": "09:01:31 AM", "wait": "0:52:34.245772"}, "Consultation 1": {"arrival": "09:01:31 AM", "start": "10:48:40 AM", "finish": "11:02:45 AM", "wait": "1:47:08.844227"}, "Billing": {"arrival": "11:02:45 AM", "start": "11:17:22 AM", "finish": "11:27:26 AM", "wait": "0:14:37.523524"}, "Xray": {"arrival": "11:27:26 AM", "start": "11:38:22 AM", "finish": "11:59:24 AM", "wait": "0:10:56.028628"}}, "Patient 19": {"Billing": {"arrival": "08:04:57 AM", "start": "08:11:10 AM", "finish": "08:21:15 AM", "wait": "0:06:13.839434"}, "Xray": {"arrival": "08:21:15 AM", "start": "09:03:05 AM", "finish": "09:24:07 AM", "wait": "0:41:50.613038"}}, "Patient 20": {"Registration": {"arrival": "08:07:57 AM", "start": "09:01:31 AM", "finish": "09:08:34 AM", "wait": "0:53:34.603619"}, "Consultation 1": {"arrival": "09:08:34 AM", "start": "11:16:49 AM", "finish": "11:30:51 AM", "wait": "2:08:14.321610"}, "Billing": {"arrival": "12:20:26 PM", "start": "12:47:45 PM", "finish": "12:57:45 PM", "wait": "0:27:18.530464"}, "Xray": {"arrival": "11:57:33 AM", "start": "11:59:24 AM", "finish": "12:20:26 PM", "wait": "0:01:51.522829"}, "Pharmacy": {"arrival": "12:57:45 PM", "start": "12:57:45 PM", "finish": "13:12:48 PM", "wait": "0:00:00"}}, "Patient 21": {"Registration": {"arrival": "08:16:57 AM", "start": "09:08:34 AM", "finish": "09:15:35 AM", "wait": "0:51:37.986953"}, "Consultation 1": {"arrival": "12:41:30 PM", "start": "15:01:25 PM", "finish": "15:15:28 PM", "wait": "2:19:54.920572"}, "Billing": {"arrival": "11:44:54 AM", "start": "12:07:35 PM", "finish": "12:17:39 PM", "wait": "0:22:41.816099"}, "Xray": {"arrival": "12:17:39 PM", "start": "12:20:26 PM", "finish": "12:41:30 PM", "wait": "0:02:47.764424"}}, "Patient 22": {"Registration": {"arrival": "08:19:57 AM", "start": "09:15:35 AM", "finish": "09:22:40 AM", "wait": "0:55:38.975379"}, "Consultation 1": {"arrival": "09:22:40 AM", "start": "11:44:54 AM", "finish": "11:58:58 AM", "wait": "2:22:14.093634"}, "Billing": {"arrival": "13:15:46 PM", "start": "13:27:58 PM", "finish": "13:38:02 PM", "wait": "0:12:11.474876"}, "Scan": {"arrival": "12:47:45 PM", "start": "12:47:45 PM", "finish": "13:15:46 PM", "wait": "0:00:00"}, "Pharmacy": {"arrival": "13:38:02 PM", "start": "13:38:02 PM", "finish": "13:53:05 PM", "wait": "0:00:00"}}, "Patient 23": {"Registration": {"arrival": "08:49:56 AM", "start": "09:22:40 AM", "finish": "09:29:43 AM", "wait": "0:32:44.075873"}, "Consultation 1": {"arrival": "09:29:43 AM", "start": "11:58:58 AM", "finish": "12:13:00 PM", "wait": "2:29:15.108478"}}, "Patient 24": {"Billing": {"arrival": "10:27:14 AM", "start": "10:27:14 AM", "finish": "10:37:14 AM", "wait": "0:00:00"}, "Xray": {"arrival": "09:05:56 AM", "start": "10:06:11 AM", "finish": "10:27:14 AM", "wait": "1:00:14.207922"}, "Pharmacy": {"arrival": "10:37:14 AM", "start": "10:37:14 AM", "finish": "10:52:15 AM", "wait": "0:00:00"}}, "Patient 25": {"Registration": {"arrival": "09:02:56 AM", "start": "09:29:43 AM", "finish": "09:36:48 AM", "wait": "0:26:47.548803"}, "Consultation 1": {"arrival": "09:36:48 AM", "start": "12:13:00 PM", "finish": "12:27:00 PM", "wait": "2:36:11.855500"}, "Billing": {"arrival": "12:27:00 PM", "start": "12:57:45 PM", "finish": "13:07:50 PM", "wait": "0:30:45.125590"}, "Injection": {"arrival": "13:07:50 PM", "start": "13:07:50 PM", "finish": "13:18:54 PM", "wait": "0:00:00"}}, "Patient 26": {"Registration": {"arrival": "09:06:56 AM", "start": "09:36:48 AM", "finish": "09:43:51 AM", "wait": "0:29:52.496234"}, "Consultation 1": {"arrival": "09:43:51 AM", "start": "12:27:00 PM", "finish": "12:41:03 PM", "wait": "2:43:09.416984"}, "Billing": {"arrival": "12:41:03 PM", "start": "13:07:50 PM", "finish": "13:17:53 PM", "wait": "0:26:46.890711"}, "Pharmacy": {"arrival": "13:17:53 PM", "start": "13:17:53 PM", "finish": "13:32:57 PM", "wait": "0:00:00"}}, "Patient 27": {"Registration": {"arrival": "09:16:56 AM", "start": "09:43:51 AM", "finish": "09:50:53 AM", "wait": "0:26:55.249574"}}, "Patient 28": {"Registration": {"arrival": "09:21:56 AM", "start": "09:50:53 AM", "finish": "09:57:54 AM", "wait": "0:28:57.986549"}, "Consultation 1": {"arrival": "09:57:54 AM", "start": "12:55:05 PM", "finish": "13:09:06 PM", "wait": "2:57:11.248009"}}, "Patient 29": {"Registration": {"arrival": "09:45:56 AM", "start": "09:57:54 AM", "finish": "10:04:57 AM", "wait": "0:11:58.512892"}, "Consultation 1": {"arrival": "10:04:57 AM", "start": "13:09:06 PM", "finish": "13:23:09 PM", "wait": "3:04:08.612577"}, "Billing": {"arrival": "13:23:09 PM", "start": "13:38:02 PM", "finish": "13:48:03 PM", "wait": "0:14:53.464403"}, "Pharmacy": {"arrival": "13:48:03 PM", "start": "13:53:05 PM", "finish": "14:08:07 PM", "wait": "0:05:02.557686"}, "Dressing": {"arrival": "14:08:07 PM", "start": "14:08:07 PM", "finish": "14:23:10 PM", "wait": "0:00:00"}}, "Patient 30": {"Registration": {"arrival": "09:56:56 AM", "start": "10:04:57 AM", "finish": "10:11:59 AM", "wait": "0:08:01.848109"}, "Consultation 1": {"arrival": "10:11:59 AM", "start": "13:37:09 PM", "finish": "13:51:12 PM", "wait": "3:25:10.429658"}, "Billing": {"arrival": "13:51:12 PM", "start": "14:28:12 PM", "finish": "14:38:15 PM", "wait": "0:36:59.416507"}, "Injection": {"arrival": "14:38:15 PM", "start": "14:38:15 PM", "finish": "14:49:15 PM", "wait": "0:00:00"}}, "Patient 31": {"Registration": {"arrival": "10:08:56 AM", "start": "10:11:59 AM", "finish": "10:19:00 AM", "wait": "0:03:03.050780"}, "Consultation 1": {"arrival": "10:19:00 AM", "start": "13:51:12 PM", "finish": "14:05:14 PM", "wait": "3:32:12.220452"}, "Billing": {"arrival": "14:05:14 PM", "start": "14:48:19 PM", "finish": "14:58:22 PM", "wait": "0:43:04.723147"}, "Injection": {"arrival": "14:58:22 PM", "start": "14:58:22 PM", "finish": "15:09:23 PM", "wait": "0:00:00"}}, "Patient 32": {"Registration": {"arrival": "10:09:56 AM", "start": "10:19:00 AM", "finish": "10:26:01 AM", "wait": "0:09:04.666996"}, "Consultation 2": {"arrival": "10:26:01 AM", "start": "10:26:01 AM", "finish": "10:40:03 AM", "wait": "0:00:00"}}, "Patient 33": {"Billing": {"arrival": "14:33:18 PM", "start": "15:38:36 PM", "finish": "15:48:41 PM", "wait": "1:05:17.892593"}, "Xray": {"arrival": "10:47:15 AM", "start": "10:48:14 AM", "finish": "11:09:17 AM", "wait": "0:00:58.661371"}, "Consultation 1": {"arrival": "11:09:17 AM", "start": "14:19:18 PM", "finish": "14:33:18 PM", "wait": "3:10:01.668313"}, "Pharmacy": {"arrival": "15:48:41 PM", "start": "15:48:41 PM", "finish": "16:03:46 PM", "wait": "0:00:00"}}, "Patient 34": {"Registration": {"arrival": "10:34:56 AM", "start": "10:34:56 AM", "finish": "10:41:56 AM", "wait": "0:00:00"}, "Consultation 2": {"arrival": "10:41:56 AM", "start": "10:41:56 AM", "finish": "10:55:58 AM", "wait": "0:00:00"}, "Billing": {"arrival": "11:38:22 AM", "start": "11:57:33 AM", "finish": "12:07:35 PM", "wait": "0:19:10.424763"}, "Xray": {"arrival": "11:17:22 AM", "start": "11:17:22 AM", "finish": "11:38:22 AM", "wait": "0:00:00"}, "Pharmacy": {"arrival": "12:07:35 PM", "start": "12:07:39 PM", "finish": "12:22:40 PM", "wait": "0:00:03.397876"}, "Dressing": {"arrival": "12:22:40 PM", "start": "12:22:40 PM", "finish": "12:37:40 PM", "wait": "0:00:00"}}, "Patient 35": {"Registration": {"arrival": "10:40:56 AM", "start": "10:41:56 AM", "finish": "10:48:58 AM", "wait": "0:01:00.596506"}, "Consultation 2": {"arrival": "10:48:58 AM", "start": "10:55:58 AM", "finish": "11:09:59 AM", "wait": "0:06:59.792035"}, "Billing": {"arrival": "11:09:59 AM", "start": "11:27:26 AM", "finish": "11:37:30 AM", "wait": "0:17:27.208676"}, "Pharmacy": {"arrival": "11:37:30 AM", "start": "11:37:30 AM", "finish": "11:52:34 AM", "wait": "0:00:00"}, "Dressing": {"arrival": "11:52:34 AM", "start": "11:52:34 AM", "finish": "12:07:38 PM", "wait": "0:00:00"}}, "Patient 36": {"Registration": {"arrival": "11:07:56 AM", "start": "11:07:56 AM", "finish": "11:14:58 AM", "wait": "0:00:00"}, "Consultation 1": {"arrival": "11:14:58 AM", "start": "14:33:18 PM", "finish": "14:47:20 PM", "wait": "3:18:19.970115"}, "Billing": {"arrival": "14:47:20 PM", "start": "16:08:46 PM", "finish": "16:18:49 PM", "wait": "1:21:25.411392"}, "Pharmacy": {"arrival": "16:18:49 PM", "start": "16:23:50 PM", "finish": "16:38:52 PM", "wait": "0:05:01.167768"}}, "Patient 37": {"Registration": {"arrival": "11:19:56 AM", "start": "11:19:56 AM", "finish": "11:26:56 AM", "wait": "0:00:00"}, "Consultation 1": {"arrival": "11:26:56 AM", "start": "14:47:20 PM", "finish": "15:01:25 PM", "wait": "3:20:24.023576"}, "Billing": {"arrival": "15:01:25 PM", "start": "16:28:52 PM", "finish": "16:38:55 PM", "wait": "1:27:26.607831"}, "Pharmacy": {"arrival": "16:38:55 PM", "start": "16:38:55 PM", "finish": "16:53:55 PM", "wait": "0:00:00"}, "Dressing": {"arrival": "16:53:55 PM", "start": "16:53:55 PM", "finish": "17:09:00 PM", "wait": "0:00:00"}}, "Patient 38": {"Registration": {"arrival": "11:27:56 AM", "start": "11:27:56 AM", "finish": "11:35:00 AM", "wait": "0:00:00"}, "Consultation 2": {"arrival": "11:35:00 AM", "start": "11:35:00 AM", "finish": "11:49:04 AM", "wait": "0:00:00"}, "Billing": {"arrival": "11:49:04 AM", "start": "12:17:39 PM", "finish": "12:27:39 PM", "wait": "0:28:34.218078"}, "Xray": {"arrival": "12:27:39 PM", "start": "12:41:30 PM", "finish": "13:02:33 PM", "wait": "0:13:50.802928"}}, "Patient 39": {"Billing": {"arrival": "13:23:38 PM", "start": "13:48:03 PM", "finish": "13:58:03 PM", "wait": "0:24:25.204358"}, "Xray": {"arrival": "12:37:42 PM", "start": "13:02:33 PM", "finish": "13:23:38 PM", "wait": "0:24:50.922974"}, "Pharmacy": {"arrival": "13:58:03 PM", "start": "14:08:07 PM", "finish": "14:23:10 PM", "wait": "0:10:04.174901"}}, "Patient 40": {"Registration": {"arrival": "12:25:54 PM", "start": "12:25:54 PM", "finish": "12:32:58 PM", "wait": "0:00:00"}, "Consultation 2": {"arrival": "13:48:58 PM", "start": "13:48:58 PM", "finish": "14:02:59 PM", "wait": "0:00:00"}, "Billing": {"arrival": "14:02:59 PM", "start": "14:38:15 PM", "finish": "14:48:19 PM", "wait": "0:35:16.183242"}, "Xray": {"arrival": "13:27:58 PM", "start": "13:27:58 PM", "finish": "13:48:58 PM", "wait": "0:00:00"}, "Pharmacy": {"arrival": "14:48:19 PM", "start": "14:48:19 PM", "finish": "15:03:22 PM", "wait": "0:00:00"}, "Dressing": {"arrival": "15:03:22 PM", "start": "15:03:22 PM", "finish": "15:18:26 PM", "wait": "0:00:00"}}, "Patient 41": {"Registration": {"arrival": "12:47:53 PM", "start": "12:47:53 PM", "finish": "12:54:56 PM", "wait": "0:00:00"}, "Consultation 1": {"arrival": "12:54:56 PM", "start": "15:15:28 PM", "finish": "15:29:30 PM", "wait": "2:20:32.267129"}, "Billing": {"arrival": "15:29:30 PM", "start": "16:58:58 PM", "finish": "17:08:59 PM", "wait": "1:29:28.249449"}, "Injection": {"arrival": "17:08:59 PM", "start": "17:08:59 PM", "finish": "17:20:03 PM", "wait": "0:00:00"}}, "Patient 42": {"Registration": {"arrival": "13:05:53 PM", "start": "13:05:53 PM", "finish": "13:12:57 PM", "wait": "0:00:00"}, "Consultation 2": {"arrival": "13:12:57 PM", "start": "13:12:57 PM", "finish": "13:26:57 PM", "wait": "0:00:00"}, "Billing": {"arrival": "13:26:57 PM", "start": "13:58:03 PM", "finish": "14:08:05 PM", "wait": "0:31:05.530752"}, "Scan": {"arrival": "14:08:05 PM", "start": "14:08:05 PM", "finish": "14:36:09 PM", "wait": "0:00:00"}}, "Patient 43": {"Registration": {"arrival": "13:27:53 PM", "start": "13:27:53 PM", "finish": "13:34:53 PM", "wait": "0:00:00"}, "Consultation 2": {"arrival": "15:00:16 PM", "start": "15:00:16 PM", "finish": "15:14:18 PM", "wait": "0:00:00"}, "Billing": {"arrival": "15:14:18 PM", "start": "16:38:55 PM", "finish": "16:48:55 PM", "wait": "1:24:36.757892"}, "Xray": {"arrival": "14:28:12 PM", "start": "14:39:13 PM", "finish": "15:00:16 PM", "wait": "0:11:01.119121"}, "Pharmacy": {"arrival": "16:48:55 PM", "start": "16:53:55 PM", "finish": "17:08:59 PM", "wait": "0:04:59.964936"}}, "Patient 44": {"Billing": {"arrival": "14:39:13 PM", "start": "15:58:44 PM", "finish": "16:08:46 PM", "wait": "1:19:30.876989"}, "Xray": {"arrival": "14:18:08 PM", "start": "14:18:08 PM", "finish": "14:39:13 PM", "wait": "0:00:00"}, "Pharmacy": {"arrival": "16:08:46 PM", "start": "16:08:46 PM", "finish": "16:23:50 PM", "wait": "0:00:00"}, "Dressing": {"arrival": "16:23:50 PM", "start": "16:23:50 PM", "finish": "16:38:52 PM", "wait": "0:00:00"}}, "Patient 45": {"Registration": {"arrival": "13:42:52 PM", "start": "13:42:52 PM", "finish": "13:49:56 PM", "wait": "0:00:00"}, "Consultation 2": {"arrival": "13:49:56 PM", "start": "14:02:59 PM", "finish": "14:17:03 PM", "wait": "0:13:02.851024"}, "Billing": {"arrival": "14:17:03 PM", "start": "14:58:22 PM", "finish": "15:08:26 PM", "wait": "0:41:19.151322"}, "Injection": {"arrival": "15:08:26 PM", "start": "15:09:23 PM", "finish": "15:20:25 PM", "wait": "0:00:56.799896"}}, "Patient 46": {"Xray": {"arrival": "13:55:52 PM", "start": "13:55:52 PM", "finish": "14:16:56 PM", "wait": "0:00:00"}}, "Patient 47": {"Registration": {"arrival": "14:07:52 PM", "start": "14:07:52 PM", "finish": "14:14:56 PM", "wait": "0:00:00"}, "Consultation 2": {"arrival": "16:10:36 PM", "start": "16:38:35 PM", "finish": "16:52:38 PM", "wait": "0:27:59.628464"}, "Billing": {"arrival": "14:31:07 PM", "start": "15:28:34 PM", "finish": "15:38:36 PM", "wait": "0:57:27.011461"}, "Xray": {"arrival": "15:38:36 PM", "start": "15:49:36 PM", "finish": "16:10:36 PM", "wait": "0:10:59.265605"}}, "Patient 48": {"Billing": {"arrival": "14:19:51 PM", "start": "15:18:31 PM", "finish": "15:28:34 PM", "wait": "0:58:40.177924"}, "Xray": {"arrival": "15:28:34 PM", "start": "15:28:34 PM", "finish": "15:49:36 PM", "wait": "0:00:00"}}, "Patient 49": {"Registration": {"arrival": "14:27:50 PM", "start": "14:27:50 PM", "finish": "14:34:54 PM", "wait": "0:00:00"}, "Consultation 2": {"arrival": "16:52:37 PM", "start": "17:34:45 PM", "finish": "17:48:46 PM", "wait": "0:42:08.458070"}, "Billing": {"arrival": "14:48:58 PM", "start": "16:18:49 PM", "finish": "16:28:52 PM", "wait": "1:29:50.614722"}, "Xray": {"arrival": "16:28:52 PM", "start": "16:31:36 PM", "finish": "16:52:37 PM", "wait": "0:02:44.443508"}}, "Patient 50": {"Billing": {"arrival": "14:37:50 PM", "start": "15:48:41 PM", "finish": "15:58:44 PM", "wait": "1:10:51.370287"}, "Xray": {"arrival": "15:58:44 PM", "start": "16:10:36 PM", "finish": "16:31:36 PM", "wait": "0:11:51.927703"}}, "Patient 51": {"Registration": {"arrival": "14:57:49 PM", "start": "14:57:49 PM", "finish": "15:04:51 PM", "wait": "0:00:00"}, "Consultation 2": {"arrival": "17:20:00 PM", "start": "18:02:49 PM", "finish": "18:16:54 PM", "wait": "0:42:49.946983"}, "Billing": {"arrival": "18:16:54 PM", "start": "18:39:19 PM", "finish": "18:49:23 PM", "wait": "0:22:24.896567"}, "Xray": {"arrival": "16:58:58 PM", "start": "16:58:58 PM", "finish": "17:20:00 PM", "wait": "0:00:00"}}, "Patient 52": {"Registration": {"arrival": "15:05:48 PM", "start": "15:05:48 PM", "finish": "15:12:50 PM", "wait": "0:00:00"}, "Consultation 2": {"arrival": "15:12:50 PM", "start": "15:28:21 PM", "finish": "15:42:24 PM", "wait": "0:15:30.878013"}, "Billing": {"arrival": "15:42:24 PM", "start": "17:08:59 PM", "finish": "17:19:00 PM", "wait": "1:26:34.912747"}, "Pharmacy": {"arrival": "17:19:00 PM", "start": "17:19:00 PM", "finish": "17:34:00 PM", "wait": "0:00:00"}}, "Patient 53": {"Registration": {"arrival": "15:27:48 PM", "start": "15:27:48 PM", "finish": "15:34:48 PM", "wait": "0:00:00"}, "Consultation 2": {"arrival": "15:34:48 PM", "start": "15:42:24 PM", "finish": "15:56:25 PM", "wait": "0:07:36.638233"}, "Billing": {"arrival": "15:56:25 PM", "start": "17:19:00 PM", "finish": "17:29:00 PM", "wait": "1:22:34.320640"}, "Xray": {"arrival": "17:29:00 PM", "start": "17:41:02 PM", "finish": "18:02:04 PM", "wait": "0:12:01.536953"}}, "Patient 54": {"Registration": {"arrival": "15:30:48 PM", "start": "15:34:48 PM", "finish": "15:41:51 PM", "wait": "0:04:00.052692"}, "Consultation 2": {"arrival": "15:41:51 PM", "start": "15:56:25 PM", "finish": "16:10:26 PM", "wait": "0:14:34.065470"}, "Billing": {"arrival": "16:10:26 PM", "start": "17:29:00 PM", "finish": "17:39:04 PM", "wait": "1:18:34.095774"}, "Dressing": {"arrival": "17:39:04 PM", "start": "17:39:04 PM", "finish": "17:54:08 PM", "wait": "0:00:00"}}, "Patient 55": {"Registration": {"arrival": "15:47:47 PM", "start": "15:47:47 PM", "finish": "15:54:51 PM", "wait": "0:00:00"}, "Consultation 2": {"arrival": "15:54:51 PM", "start": "16:10:26 PM", "finish": "16:24:31 PM", "wait": "0:15:35.491356"}}, "Patient 56": {"Registration": {"arrival": "15:57:47 PM", "start": "15:57:47 PM", "finish": "16:04:48 PM", "wait": "0:00:00"}, "Consultation 2": {"arrival": "16:04:48 PM", "start": "16:24:31 PM", "finish": "16:38:35 PM", "wait": "0:19:42.529103"}}, "Patient 57": {"Registration": {"arrival": "16:14:47 PM", "start": "16:14:47 PM", "finish": "16:21:48 PM", "wait": "0:00:00"}, "Consultation 2": {"arrival": "16:21:48 PM", "start": "16:52:38 PM", "finish": "17:06:41 PM", "wait": "0:30:49.772246"}, "Billing": {"arrival": "17:06:41 PM", "start": "17:49:07 PM", "finish": "17:59:10 PM", "wait": "0:42:26.005803"}, "Pharmacy": {"arrival": "17:59:10 PM", "start": "17:59:10 PM", "finish": "18:14:10 PM", "wait": "0:00:00"}}, "Patient 58": {"Registration": {"arrival": "16:25:47 PM", "start": "16:25:47 PM", "finish": "16:32:51 PM", "wait": "0:00:00"}, "Consultation 2": {"arrival": "16:32:51 PM", "start": "17:06:41 PM", "finish": "17:20:42 PM", "wait": "0:33:49.294878"}, "Billing": {"arrival": "18:37:15 PM", "start": "18:59:28 PM", "finish": "19:09:32 PM", "wait": "0:22:12.778456"}, "Scan": {"arrival": "18:09:12 PM", "start": "18:09:12 PM", "finish": "18:37:15 PM", "wait": "0:00:00"}}, "Patient 59": {"Registration": {"arrival": "16:27:46 PM", "start": "16:32:51 PM", "finish": "16:39:54 PM", "wait": "0:05:05.779567"}, "Consultation 2": {"arrival": "16:39:54 PM", "start": "17:20:42 PM", "finish": "17:34:45 PM", "wait": "0:40:48.666838"}, "Billing": {"arrival": "17:34:45 PM", "start": "18:19:14 PM", "finish": "18:29:19 PM", "wait": "0:44:29.234198"}, "Xray": {"arrival": "18:29:19 PM", "start": "19:05:14 PM", "finish": "19:26:16 PM", "wait": "0:35:55.032625"}}, "Patient 60": {"Billing": {"arrival": "18:44:10 PM", "start": "19:09:32 PM", "finish": "19:19:35 PM", "wait": "0:25:21.564615"}, "Xray": {"arrival": "17:49:07 PM", "start": "18:23:07 PM", "finish": "18:44:10 PM", "wait": "0:34:00.186424"}}, "Patient 61": {"Xray": {"arrival": "16:59:45 PM", "start": "17:20:00 PM", "finish": "17:41:02 PM", "wait": "0:20:15.005654"}}, "Patient 62": {"Registration": {"arrival": "17:07:45 PM", "start": "17:07:45 PM", "finish": "17:14:48 PM", "wait": "0:00:00"}, "Consultation 2": {"arrival": "17:14:48 PM", "start": "17:48:46 PM", "finish": "18:02:49 PM", "wait": "0:33:58.441118"}, "Billing": {"arrival": "18:02:49 PM", "start": "18:29:19 PM", "finish": "18:39:19 PM", "wait": "0:26:29.404234"}, "Pharmacy": {"arrival": "18:39:19 PM", "start": "18:39:19 PM", "finish": "18:54:22 PM", "wait": "0:00:00"}}, "Patient 63": {"Registration": {"arrival": "17:27:45 PM", "start": "17:27:45 PM", "finish": "17:34:47 PM", "wait": "0:00:00"}, "Consultation 2": {"arrival": "17:34:47 PM", "start": "18:16:54 PM", "finish": "18:30:55 PM", "wait": "0:42:07.479912"}, "Billing": {"arrival": "18:30:55 PM", "start": "18:49:23 PM", "finish": "18:59:28 PM", "wait": "0:18:28.415755"}}, "Patient 64": {"Billing": {"arrival": "17:27:45 PM", "start": "18:09:12 PM", "finish": "18:19:14 PM", "wait": "0:41:27.297296"}, "Xray": {"arrival": "18:19:14 PM", "start": "18:44:10 PM", "finish": "19:05:14 PM", "wait": "0:24:55.973778"}}, "Patient 65": {"Registration": {"arrival": "17:37:45 PM", "start": "17:37:45 PM", "finish": "17:44:49 PM", "wait": "0:00:00"}, "Consultation 2": {"arrival": "17:44:49 PM", "start": "18:30:55 PM", "finish": "18:44:56 PM", "wait": "0:46:06.114410"}, "Billing": {"arrival": "18:44:56 PM", "start": "19:19:35 PM", "finish": "19:29:39 PM", "wait": "0:34:38.473427"}}, "Patient 66": {"Xray": {"arrival": "17:37:45 PM", "start": "18:02:04 PM", "finish": "18:23:07 PM", "wait": "0:24:19.213862"}}}