NUM_PATIENTS,NUM_REGISTRATION_COUNTERS,REGISTRATION_TIME,NUM_DOCTORS,CONSULTATION_TIME,NUM_PHARMACY_COUNTERS,PHARMACY_TIME,NUM_PHARMACY_BILLING_COUNTERS,PHARMACY_BILLING_TIME,NUM_BILLING_COUNTERS,BILLING_TIME,NUM_XRAY_COUNTERS,XRAY_TIME,NUM_SCAN_COUNTERS,SCAN_TIME,NUM_INJECTION_COUNTERS,INJECTION_TIME,NUM_DRESSING_COUNTERS,DRESSING_TIME
67,1,7,1,14,1,15,1,8,1,10,1,21,1,28,1,11,1,15
67,1,7,1,14,1,15,1,8,1,10,1,21,1,28,1,11,1,15
67,1,7,1,14,1,15,1,8,1,10,1,21,1,28,1,11,1,15
67,1,7,1,14,1,15,1,8,1,10,1,21,1,28,1,11,1,15
67,1,7,1,14,1,15,1,8,1,10,1,21,1,28,1,11,1,15
67,1,7,1,14,1,15,1,8,1,10,1,21,1,28,1,11,1,15
67,1,7,1,14,1,15,1,8,1,10,1,21,1,28,1,11,1,15
67,1,7,1,14,1,15,1,8,1,10,1,21,1,28,1,11,1,15
