{"Patient 0": {"Registration": {"arrival": "07:30:00 AM", "start": "07:30:00 AM", "finish": "07:37:03 AM", "wait": "0:00:00"}, "Consultation 1": {"arrival": "10:48:21 AM", "start": "12:41:00 PM", "finish": "12:55:01 PM", "wait": "1:52:38.321545"}, "Billing": {"arrival": "12:55:01 PM", "start": "13:11:32 PM", "finish": "13:21:37 PM", "wait": "0:16:31.172451"}, "Xray": {"arrival": "08:28:03 AM", "start": "10:27:19 AM", "finish": "10:48:21 AM", "wait": "1:59:16.201385"}, "Pharmacy": {"arrival": "13:21:37 PM", "start": "13:21:37 PM", "finish": "13:36:41 PM", "wait": "0:00:00"}, "Dressing": {"arrival": "13:36:41 PM", "start": "13:36:41 PM", "finish": "13:51:43 PM", "wait": "0:00:00"}}, "Patient 1": {"Registration": {"arrival": "07:30:00 AM", "start": "07:37:03 AM", "finish": "07:44:03 AM", "wait": "0:07:03.146512"}, "Consultation 1": {"arrival": "07:44:03 AM", "start": "08:14:07 AM", "finish": "08:28:07 AM", "wait": "0:30:03.647424"}, "Billing": {"arrival": "08:28:07 AM", "start": "08:28:07 AM", "finish": "08:38:10 AM", "wait": "0:00:00"}, "Pharmacy": {"arrival": "08:38:10 AM", "start": "08:38:10 AM", "finish": "08:53:12 AM", "wait": "0:00:00"}}, "Patient 2": {"Billing": {"arrival": "07:30:00 AM", "start": "07:30:00 AM", "finish": "07:40:00 AM", "wait": "0:00:00"}, "Scan": {"arrival": "07:40:00 AM", "start": "08:00:00 AM", "finish": "08:28:03 AM", "wait": "0:20:00"}}, "Patient 3": {"Registration": {"arrival": "07:31:00 AM", "start": "07:44:03 AM", "finish": "07:51:04 AM", "wait": "0:13:03.786776"}, "Consultation 1": {"arrival": "07:51:04 AM", "start": "08:28:07 AM", "finish": "08:42:12 AM", "wait": "0:37:03.641407"}, "Billing": {"arrival": "08:42:12 AM", "start": "08:42:12 AM", "finish": "08:52:15 AM", "wait": "0:00:00"}, "Pharmacy": {"arrival": "08:52:15 AM", "start": "08:53:12 AM", "finish": "09:08:13 AM", "wait": "0:00:57.410599"}}, "Patient 4": {"Registration": {"arrival": "07:31:00 AM", "start": "07:51:04 AM", "finish": "07:58:07 AM", "wait": "0:20:04.249264"}, "Consultation 1": {"arrival": "07:58:07 AM", "start": "08:42:12 AM", "finish": "08:56:14 AM", "wait": "0:44:04.994595"}, "Billing": {"arrival": "11:51:28 AM", "start": "12:01:07 PM", "finish": "12:11:11 PM", "wait": "0:09:38.928592"}, "Xray": {"arrival": "09:06:17 AM", "start": "11:30:27 AM", "finish": "11:51:28 AM", "wait": "2:24:09.840534"}, "Pharmacy": {"arrival": "12:11:11 PM", "start": "12:25:50 PM", "finish": "12:40:52 PM", "wait": "0:14:38.487836"}}, "Patient 5": {"Registration": {"arrival": "07:31:00 AM", "start": "07:58:07 AM", "finish": "08:05:09 AM", "wait": "0:27:07.323483"}, "Consultation 1": {"arrival": "08:05:09 AM", "start": "08:56:14 AM", "finish": "09:10:17 AM", "wait": "0:51:04.857002"}, "Billing": {"arrival": "09:10:17 AM", "start": "09:17:00 AM", "finish": "09:27:05 AM", "wait": "0:06:42.775745"}, "Injection": {"arrival": "09:27:05 AM", "start": "09:27:05 AM", "finish": "09:38:08 AM", "wait": "0:00:00"}}, "Patient 6": {"Registration": {"arrival": "07:32:00 AM", "start": "08:05:09 AM", "finish": "08:12:13 AM", "wait": "0:33:09.345695"}, "Consultation 1": {"arrival": "08:12:13 AM", "start": "09:10:17 AM", "finish": "09:24:20 AM", "wait": "0:58:04.372132"}, "Billing": {"arrival": "09:24:20 AM", "start": "09:27:05 AM", "finish": "09:37:05 AM", "wait": "0:02:45.061199"}, "Pharmacy": {"arrival": "09:37:05 AM", "start": "09:37:05 AM", "finish": "09:52:10 AM", "wait": "0:00:00"}}, "Patient 7": {"Registration": {"arrival": "07:33:00 AM", "start": "08:12:13 AM", "finish": "08:19:14 AM", "wait": "0:39:13.044667"}, "Consultation 1": {"arrival": "08:19:14 AM", "start": "09:24:20 AM", "finish": "09:38:23 AM", "wait": "1:05:05.905147"}, "Billing": {"arrival": "09:38:23 AM", "start": "09:38:23 AM", "finish": "09:48:27 AM", "wait": "0:00:00"}, "Injection": {"arrival": "09:48:27 AM", "start": "09:48:27 AM", "finish": "09:59:29 AM", "wait": "0:00:00"}}, "Patient 8": {"Xray": {"arrival": "07:36:59 AM", "start": "09:24:10 AM", "finish": "09:45:15 AM", "wait": "1:47:11.068830"}}, "Patient 9": {"Xray": {"arrival": "07:37:59 AM", "start": "09:03:09 AM", "finish": "09:24:10 AM", "wait": "1:25:10.469294"}}, "Patient 10": {"Xray": {"arrival": "07:39:59 AM", "start": "08:42:08 AM", "finish": "09:03:09 AM", "wait": "1:02:09.468195"}}, "Patient 11": {"Registration": {"arrival": "07:42:59 AM", "start": "08:19:14 AM", "finish": "08:26:17 AM", "wait": "0:36:15.162760"}, "Consultation 1": {"arrival": "08:26:17 AM", "start": "09:38:23 AM", "finish": "09:52:27 AM", "wait": "1:12:05.613304"}}, "Patient 12": {"Registration": {"arrival": "07:42:59 AM", "start": "08:26:17 AM", "finish": "08:33:20 AM", "wait": "0:43:18.801212"}, "Consultation 1": {"arrival": "08:33:20 AM", "start": "09:52:27 AM", "finish": "10:06:32 AM", "wait": "1:19:07.579356"}}, "Patient 13": {"Billing": {"arrival": "07:42:59 AM", "start": "07:42:59 AM", "finish": "07:53:03 AM", "wait": "0:00:00"}, "Xray": {"arrival": "07:53:03 AM", "start": "08:00:03 AM", "finish": "08:21:06 AM", "wait": "0:07:00"}}, "Patient 14": {"Registration": {"arrival": "07:47:58 AM", "start": "08:33:20 AM", "finish": "08:40:22 AM", "wait": "0:45:22.397810"}, "Consultation 1": {"arrival": "08:40:22 AM", "start": "10:06:32 AM", "finish": "10:20:32 AM", "wait": "1:26:09.604918"}, "Billing": {"arrival": "10:20:32 AM", "start": "10:20:32 AM", "finish": "10:30:34 AM", "wait": "0:00:00"}, "Dressing": {"arrival": "10:30:34 AM", "start": "10:30:34 AM", "finish": "10:45:36 AM", "wait": "0:00:00"}}, "Patient 15": {"Xray": {"arrival": "07:47:58 AM", "start": "08:21:06 AM", "finish": "08:42:08 AM", "wait": "0:33:08.142323"}}, "Patient 16": {"Registration": {"arrival": "07:48:58 AM", "start": "08:40:22 AM", "finish": "08:47:24 AM", "wait": "0:51:24.543089"}, "Consultation 1": {"arrival": "08:47:24 AM", "start": "10:20:32 AM", "finish": "10:34:36 AM", "wait": "1:33:08.398421"}, "Billing": {"arrival": "10:34:36 AM", "start": "10:34:36 AM", "finish": "10:44:40 AM", "wait": "0:00:00"}, "Dressing": {"arrival": "10:44:40 AM", "start": "10:45:36 AM", "finish": "11:00:41 AM", "wait": "0:00:56.459448"}}, "Patient 17": {"Billing": {"arrival": "07:55:57 AM", "start": "07:55:57 AM", "finish": "08:05:59 AM", "wait": "0:00:00"}, "Xray": {"arrival": "08:05:59 AM", "start": "09:45:15 AM", "finish": "10:06:15 AM", "wait": "1:39:15.095656"}}, "Patient 18": {"Registration": {"arrival": "08:01:57 AM", "start": "08:47:24 AM", "finish": "08:54:25 AM", "wait": "0:45:27.156564"}, "Consultation 1": {"arrival": "08:54:25 AM", "start": "10:34:36 AM", "finish": "10:48:37 AM", "wait": "1:40:10.563799"}, "Billing": {"arrival": "10:48:37 AM", "start": "10:48:37 AM", "finish": "10:58:38 AM", "wait": "0:00:00"}, "Pharmacy": {"arrival": "10:58:38 AM", "start": "10:58:38 AM", "finish": "11:13:40 AM", "wait": "0:00:00"}}, "Patient 19": {"Registration": {"arrival": "08:04:57 AM", "start": "08:54:25 AM", "finish": "09:01:26 AM", "wait": "0:49:28.625691"}, "Consultation 1": {"arrival": "09:01:26 AM", "start": "10:48:37 AM", "finish": "11:02:42 AM", "wait": "1:47:11.743793"}}, "Patient 20": {"Billing": {"arrival": "08:07:57 AM", "start": "08:07:57 AM", "finish": "08:17:59 AM", "wait": "0:00:00"}, "Xray": {"arrival": "08:17:59 AM", "start": "10:06:15 AM", "finish": "10:27:19 AM", "wait": "1:48:15.639941"}}, "Patient 21": {"Registration": {"arrival": "08:16:57 AM", "start": "09:01:26 AM", "finish": "09:08:27 AM", "wait": "0:44:29.015174"}, "Consultation 1": {"arrival": "13:57:44 PM", "start": "13:57:44 PM", "finish": "14:11:48 PM", "wait": "0:00:00"}, "Billing": {"arrival": "14:11:48 PM", "start": "14:21:49 PM", "finish": "14:31:49 PM", "wait": "0:10:00.457417"}, "Xray": {"arrival": "11:26:45 AM", "start": "13:36:41 PM", "finish": "13:57:44 PM", "wait": "2:09:56.622345"}, "Pharmacy": {"arrival": "14:31:49 PM", "start": "14:41:54 PM", "finish": "14:56:58 PM", "wait": "0:10:05.374521"}, "Dressing": {"arrival": "14:56:58 PM", "start": "14:56:59 PM", "finish": "15:12:03 PM", "wait": "0:00:01.185739"}}, "Patient 22": {"Registration": {"arrival": "08:19:57 AM", "start": "09:08:27 AM", "finish": "09:15:31 AM", "wait": "0:48:30.509050"}, "Consultation 1": {"arrival": "09:15:31 AM", "start": "11:16:42 AM", "finish": "11:30:43 AM", "wait": "2:01:11.003395"}, "Billing": {"arrival": "11:30:43 AM", "start": "11:30:43 AM", "finish": "11:40:44 AM", "wait": "0:00:00"}, "Pharmacy": {"arrival": "11:40:44 AM", "start": "11:40:44 AM", "finish": "11:55:47 AM", "wait": "0:00:00"}, "Dressing": {"arrival": "11:55:47 AM", "start": "11:55:47 AM", "finish": "12:10:52 PM", "wait": "0:00:00"}}, "Patient 23": {"Xray": {"arrival": "08:49:56 AM", "start": "10:48:21 AM", "finish": "11:09:24 AM", "wait": "1:58:25.940090"}}, "Patient 24": {"Registration": {"arrival": "08:55:56 AM", "start": "09:15:31 AM", "finish": "09:22:36 AM", "wait": "0:19:35.847078"}, "Consultation 1": {"arrival": "09:22:36 AM", "start": "11:30:43 AM", "finish": "11:44:44 AM", "wait": "2:08:06.914510"}, "Billing": {"arrival": "11:44:44 AM", "start": "11:51:04 AM", "finish": "12:01:07 PM", "wait": "0:06:19.379440"}, "Pharmacy": {"arrival": "12:01:07 PM", "start": "12:10:48 PM", "finish": "12:25:50 PM", "wait": "0:09:41.286271"}, "Dressing": {"arrival": "12:25:50 PM", "start": "12:25:50 PM", "finish": "12:40:50 PM", "wait": "0:00:00"}}, "Patient 25": {"Xray": {"arrival": "09:02:56 AM", "start": "11:09:24 AM", "finish": "11:30:27 AM", "wait": "2:06:28.493868"}}, "Patient 26": {"Billing": {"arrival": "13:51:08 PM", "start": "14:01:44 PM", "finish": "14:11:47 PM", "wait": "0:10:35.817657"}, "Xray": {"arrival": "09:17:00 AM", "start": "12:12:33 PM", "finish": "12:33:35 PM", "wait": "2:55:32.849422"}, "Consultation 1": {"arrival": "12:33:35 PM", "start": "13:37:08 PM", "finish": "13:51:08 PM", "wait": "1:03:32.872436"}, "Pharmacy": {"arrival": "14:11:47 PM", "start": "14:11:47 PM", "finish": "14:26:50 PM", "wait": "0:00:00"}}, "Patient 27": {"Xray": {"arrival": "09:16:56 AM", "start": "11:51:28 AM", "finish": "12:12:33 PM", "wait": "2:34:32.418902"}}, "Patient 28": {"Registration": {"arrival": "09:21:56 AM", "start": "09:22:36 AM", "finish": "09:29:41 AM", "wait": "0:00:40.810374"}, "Consultation 1": {"arrival": "14:18:46 PM", "start": "14:18:46 PM", "finish": "14:32:51 PM", "wait": "0:00:00"}, "Billing": {"arrival": "14:32:51 PM", "start": "14:51:51 PM", "finish": "15:01:55 PM", "wait": "0:19:00.073346"}, "Xray": {"arrival": "12:21:14 PM", "start": "13:57:44 PM", "finish": "14:18:46 PM", "wait": "1:36:30.761612"}, "Pharmacy": {"arrival": "15:01:55 PM", "start": "15:11:59 PM", "finish": "15:27:01 PM", "wait": "0:10:03.589679"}, "Dressing": {"arrival": "15:27:01 PM", "start": "15:27:01 PM", "finish": "15:42:02 PM", "wait": "0:00:00"}}, "Patient 29": {"Xray": {"arrival": "09:45:56 AM", "start": "12:33:35 PM", "finish": "12:54:37 PM", "wait": "2:47:39.451867"}}, "Patient 30": {"Registration": {"arrival": "09:56:56 AM", "start": "09:56:56 AM", "finish": "10:03:59 AM", "wait": "0:00:00"}, "Consultation 1": {"arrival": "10:03:59 AM", "start": "11:58:48 AM", "finish": "12:12:51 PM", "wait": "1:54:48.596982"}, "Billing": {"arrival": "12:12:51 PM", "start": "12:21:14 PM", "finish": "12:31:16 PM", "wait": "0:08:22.212436"}, "Scan": {"arrival": "12:31:16 PM", "start": "12:31:16 PM", "finish": "12:59:17 PM", "wait": "0:00:00"}}, "Patient 31": {"Registration": {"arrival": "10:08:56 AM", "start": "10:08:56 AM", "finish": "10:15:58 AM", "wait": "0:00:00"}, "Consultation 1": {"arrival": "14:39:47 PM", "start": "14:39:47 PM", "finish": "14:53:48 PM", "wait": "0:00:00"}, "Billing": {"arrival": "14:53:48 PM", "start": "15:11:57 PM", "finish": "15:22:00 PM", "wait": "0:18:08.850136"}, "Xray": {"arrival": "12:51:24 PM", "start": "14:18:46 PM", "finish": "14:39:47 PM", "wait": "1:27:22.341474"}, "Pharmacy": {"arrival": "15:22:00 PM", "start": "15:27:01 PM", "finish": "15:42:01 PM", "wait": "0:05:00.694966"}, "Dressing": {"arrival": "15:42:01 PM", "start": "15:42:02 PM", "finish": "15:57:05 PM", "wait": "0:00:00.301856"}}, "Patient 32": {"Registration": {"arrival": "10:09:56 AM", "start": "10:15:58 AM", "finish": "10:23:01 AM", "wait": "0:06:02.619561"}, "Consultation 1": {"arrival": "10:23:01 AM", "start": "12:26:56 PM", "finish": "12:41:00 PM", "wait": "2:03:54.624922"}, "Billing": {"arrival": "12:41:00 PM", "start": "12:51:24 PM", "finish": "13:01:29 PM", "wait": "0:10:24.111944"}, "Injection": {"arrival": "13:01:29 PM", "start": "13:01:29 PM", "finish": "13:12:33 PM", "wait": "0:00:00"}}, "Patient 33": {"Registration": {"arrival": "10:33:56 AM", "start": "10:33:56 AM", "finish": "10:40:59 AM", "wait": "0:00:00"}}, "Patient 34": {"Registration": {"arrival": "10:34:56 AM", "start": "10:40:59 AM", "finish": "10:48:02 AM", "wait": "0:06:03.133384"}, "Consultation 2": {"arrival": "13:36:41 PM", "start": "13:48:55 PM", "finish": "14:02:56 PM", "wait": "0:12:13.916860"}, "Billing": {"arrival": "14:02:56 PM", "start": "14:11:47 PM", "finish": "14:21:49 PM", "wait": "0:08:50.408760"}, "Xray": {"arrival": "11:12:06 AM", "start": "13:15:40 PM", "finish": "13:36:41 PM", "wait": "2:03:33.422100"}, "Pharmacy": {"arrival": "14:21:49 PM", "start": "14:26:50 PM", "finish": "14:41:54 PM", "wait": "0:05:01.895975"}, "Dressing": {"arrival": "14:41:54 PM", "start": "14:41:54 PM", "finish": "14:56:59 PM", "wait": "0:00:00"}}, "Patient 35": {"Registration": {"arrival": "10:40:56 AM", "start": "10:48:02 AM", "finish": "10:55:06 AM", "wait": "0:07:06.672350"}, "Consultation 1": {"arrival": "10:55:06 AM", "start": "12:55:01 PM", "finish": "13:09:03 PM", "wait": "1:59:54.985568"}, "Billing": {"arrival": "13:09:03 PM", "start": "13:21:37 PM", "finish": "13:31:40 PM", "wait": "0:12:33.734612"}, "Pharmacy": {"arrival": "13:31:40 PM", "start": "13:36:41 PM", "finish": "13:51:43 PM", "wait": "0:05:01.530440"}}, "Patient 36": {"Xray": {"arrival": "11:07:56 AM", "start": "12:54:37 PM", "finish": "13:15:40 PM", "wait": "1:46:41.945681"}}, "Patient 37": {"Registration": {"arrival": "11:19:56 AM", "start": "11:19:56 AM", "finish": "11:26:58 AM", "wait": "0:00:00"}, "Consultation 2": {"arrival": "11:26:58 AM", "start": "11:26:58 AM", "finish": "11:41:00 AM", "wait": "0:00:00"}, "Billing": {"arrival": "11:41:00 AM", "start": "11:41:00 AM", "finish": "11:51:04 AM", "wait": "0:00:00"}, "Pharmacy": {"arrival": "11:51:04 AM", "start": "11:55:47 AM", "finish": "12:10:48 PM", "wait": "0:04:43.313600"}}, "Patient 38": {"Registration": {"arrival": "11:27:56 AM", "start": "11:27:56 AM", "finish": "11:35:00 AM", "wait": "0:00:00"}, "Consultation 1": {"arrival": "11:35:00 AM", "start": "13:09:03 PM", "finish": "13:23:07 PM", "wait": "1:34:03.395645"}, "Billing": {"arrival": "13:23:07 PM", "start": "13:31:40 PM", "finish": "13:41:40 PM", "wait": "0:08:32.170579"}, "Dressing": {"arrival": "13:41:40 PM", "start": "13:51:43 PM", "finish": "14:06:47 PM", "wait": "0:10:02.774107"}}, "Patient 39": {"Registration": {"arrival": "11:52:55 AM", "start": "11:52:55 AM", "finish": "11:59:59 AM", "wait": "0:00:00"}, "Consultation 2": {"arrival": "11:59:59 AM", "start": "11:59:59 AM", "finish": "12:14:01 PM", "wait": "0:00:00"}, "Billing": {"arrival": "12:14:01 PM", "start": "12:31:16 PM", "finish": "12:41:21 PM", "wait": "0:17:14.480204"}, "Pharmacy": {"arrival": "12:41:21 PM", "start": "12:41:21 PM", "finish": "12:56:22 PM", "wait": "0:00:00"}, "Dressing": {"arrival": "12:56:22 PM", "start": "12:56:22 PM", "finish": "13:11:26 PM", "wait": "0:00:00"}}, "Patient 40": {"Registration": {"arrival": "12:25:54 PM", "start": "12:25:54 PM", "finish": "12:32:54 PM", "wait": "0:00:00"}, "Consultation 1": {"arrival": "12:32:54 PM", "start": "13:23:07 PM", "finish": "13:37:08 PM", "wait": "0:50:13.144778"}}, "Patient 41": {"Billing": {"arrival": "12:47:53 PM", "start": "13:01:29 PM", "finish": "13:11:32 PM", "wait": "0:13:36.000881"}, "Scan": {"arrival": "13:11:32 PM", "start": "13:11:32 PM", "finish": "13:39:36 PM", "wait": "0:00:00"}}, "Patient 42": {"Registration": {"arrival": "13:05:53 PM", "start": "13:05:53 PM", "finish": "13:12:55 PM", "wait": "0:00:00"}, "Consultation 2": {"arrival": "13:12:55 PM", "start": "13:12:55 PM", "finish": "13:27:00 PM", "wait": "0:00:00"}, "Billing": {"arrival": "13:27:00 PM", "start": "13:41:40 PM", "finish": "13:51:42 PM", "wait": "0:14:40.460968"}, "Pharmacy": {"arrival": "13:51:42 PM", "start": "13:51:43 PM", "finish": "14:06:45 PM", "wait": "0:00:01.095951"}, "Dressing": {"arrival": "14:06:45 PM", "start": "14:06:47 PM", "finish": "14:21:50 PM", "wait": "0:00:01.828136"}}, "Patient 43": {"Registration": {"arrival": "13:27:53 PM", "start": "13:27:53 PM", "finish": "13:34:53 PM", "wait": "0:00:00"}, "Consultation 2": {"arrival": "15:21:51 PM", "start": "15:41:10 PM", "finish": "15:55:13 PM", "wait": "0:19:19.167019"}, "Billing": {"arrival": "15:55:13 PM", "start": "15:55:13 PM", "finish": "16:05:17 PM", "wait": "0:00:00"}, "Xray": {"arrival": "14:01:44 PM", "start": "15:00:49 PM", "finish": "15:21:51 PM", "wait": "0:59:04.920893"}, "Pharmacy": {"arrival": "16:05:17 PM", "start": "16:27:05 PM", "finish": "16:42:07 PM", "wait": "0:21:48.291982"}, "Dressing": {"arrival": "16:42:07 PM", "start": "16:42:10 PM", "finish": "16:57:11 PM", "wait": "0:00:03.331308"}}, "Patient 44": {"Xray": {"arrival": "13:42:52 PM", "start": "14:39:47 PM", "finish": "15:00:49 PM", "wait": "0:56:55.855187"}}, "Patient 45": {"Registration": {"arrival": "13:42:52 PM", "start": "13:42:52 PM", "finish": "13:49:55 PM", "wait": "0:00:00"}, "Consultation 2": {"arrival": "13:49:55 PM", "start": "14:02:56 PM", "finish": "14:16:58 PM", "wait": "0:13:01.181902"}, "Billing": {"arrival": "14:16:58 PM", "start": "14:31:49 PM", "finish": "14:41:50 PM", "wait": "0:14:51.532589"}, "Pharmacy": {"arrival": "14:41:50 PM", "start": "14:56:58 PM", "finish": "15:11:59 PM", "wait": "0:15:07.511802"}}, "Patient 46": {"Registration": {"arrival": "13:55:52 PM", "start": "13:55:52 PM", "finish": "14:02:54 PM", "wait": "0:00:00"}, "Consultation 2": {"arrival": "15:42:54 PM", "start": "16:09:13 PM", "finish": "16:23:13 PM", "wait": "0:26:18.482888"}, "Billing": {"arrival": "14:31:00 PM", "start": "14:41:50 PM", "finish": "14:51:51 PM", "wait": "0:10:50.765423"}, "Xray": {"arrival": "14:51:51 PM", "start": "15:21:51 PM", "finish": "15:42:54 PM", "wait": "0:29:59.709667"}}, "Patient 47": {"Registration": {"arrival": "14:07:52 PM", "start": "14:07:52 PM", "finish": "14:14:55 PM", "wait": "0:00:00"}, "Consultation 2": {"arrival": "14:14:55 PM", "start": "14:31:00 PM", "finish": "14:45:00 PM", "wait": "0:16:04.229750"}}, "Patient 48": {"Registration": {"arrival": "14:19:51 PM", "start": "14:19:51 PM", "finish": "14:26:55 PM", "wait": "0:00:00"}, "Consultation 2": {"arrival": "14:26:55 PM", "start": "14:45:00 PM", "finish": "14:59:01 PM", "wait": "0:18:04.240857"}}, "Patient 49": {"Registration": {"arrival": "14:27:50 PM", "start": "14:27:50 PM", "finish": "14:34:50 PM", "wait": "0:00:00"}, "Consultation 2": {"arrival": "14:34:50 PM", "start": "14:59:01 PM", "finish": "15:13:05 PM", "wait": "0:24:11.464221"}, "Billing": {"arrival": "15:13:05 PM", "start": "15:22:00 PM", "finish": "15:32:04 PM", "wait": "0:08:55.034592"}, "Pharmacy": {"arrival": "15:32:04 PM", "start": "15:42:01 PM", "finish": "15:57:04 PM", "wait": "0:09:56.960656"}, "Dressing": {"arrival": "15:57:04 PM", "start": "15:57:05 PM", "finish": "16:12:08 PM", "wait": "0:00:01.320109"}}, "Patient 50": {"Billing": {"arrival": "14:37:50 PM", "start": "15:01:55 PM", "finish": "15:11:57 PM", "wait": "0:24:05.820633"}, "Scan": {"arrival": "15:11:57 PM", "start": "15:11:57 PM", "finish": "15:39:59 PM", "wait": "0:00:00"}}, "Patient 51": {"Registration": {"arrival": "14:57:49 PM", "start": "14:57:49 PM", "finish": "15:04:49 PM", "wait": "0:00:00"}, "Consultation 2": {"arrival": "15:04:49 PM", "start": "15:13:05 PM", "finish": "15:27:05 PM", "wait": "0:08:16.446711"}, "Billing": {"arrival": "15:27:05 PM", "start": "15:32:04 PM", "finish": "15:42:08 PM", "wait": "0:04:59.106664"}, "Pharmacy": {"arrival": "15:42:08 PM", "start": "15:57:04 PM", "finish": "16:12:05 PM", "wait": "0:14:55.435269"}}, "Patient 52": {"Registration": {"arrival": "15:05:48 PM", "start": "15:05:48 PM", "finish": "15:12:48 PM", "wait": "0:00:00"}, "Consultation 2": {"arrival": "15:12:48 PM", "start": "15:27:05 PM", "finish": "15:41:10 PM", "wait": "0:14:16.886221"}, "Billing": {"arrival": "15:41:10 PM", "start": "15:42:08 PM", "finish": "15:52:10 PM", "wait": "0:00:58.130488"}, "Pharmacy": {"arrival": "15:52:10 PM", "start": "16:12:05 PM", "finish": "16:27:05 PM", "wait": "0:19:54.568186"}, "Dressing": {"arrival": "16:27:05 PM", "start": "16:27:05 PM", "finish": "16:42:10 PM", "wait": "0:00:00"}}, "Patient 53": {"Registration": {"arrival": "15:27:48 PM", "start": "15:27:48 PM", "finish": "15:34:51 PM", "wait": "0:00:00"}, "Consultation 2": {"arrival": "15:34:51 PM", "start": "15:55:13 PM", "finish": "16:09:13 PM", "wait": "0:20:21.263965"}, "Billing": {"arrival": "16:09:13 PM", "start": "16:09:13 PM", "finish": "16:19:17 PM", "wait": "0:00:00"}, "Xray": {"arrival": "16:19:17 PM", "start": "16:25:01 PM", "finish": "16:46:05 PM", "wait": "0:05:43.910606"}}, "Patient 54": {"Xray": {"arrival": "15:30:48 PM", "start": "15:42:54 PM", "finish": "16:03:57 PM", "wait": "0:12:06.946525"}}, "Patient 55": {"Registration": {"arrival": "15:47:47 PM", "start": "15:47:47 PM", "finish": "15:54:47 PM", "wait": "0:00:00"}}, "Patient 56": {"Xray": {"arrival": "15:57:47 PM", "start": "16:03:57 PM", "finish": "16:25:01 PM", "wait": "0:06:10.210783"}}, "Patient 57": {"Registration": {"arrival": "16:14:47 PM", "start": "16:14:47 PM", "finish": "16:21:49 PM", "wait": "0:00:00"}, "Consultation 2": {"arrival": "16:21:49 PM", "start": "16:23:13 PM", "finish": "16:37:17 PM", "wait": "0:01:24.185710"}, "Billing": {"arrival": "16:37:17 PM", "start": "16:37:17 PM", "finish": "16:47:19 PM", "wait": "0:00:00"}, "Scan": {"arrival": "16:47:19 PM", "start": "16:47:19 PM", "finish": "17:15:21 PM", "wait": "0:00:00"}}, "Patient 58": {"Xray": {"arrival": "16:25:47 PM", "start": "16:46:05 PM", "finish": "17:07:07 PM", "wait": "0:20:18.787456"}}, "Patient 59": {"Registration": {"arrival": "16:27:46 PM", "start": "16:27:46 PM", "finish": "16:34:47 PM", "wait": "0:00:00"}}, "Patient 60": {"Xray": {"arrival": "16:27:46 PM", "start": "17:07:07 PM", "finish": "17:28:10 PM", "wait": "0:39:21.861725"}}, "Patient 61": {"Registration": {"arrival": "16:59:45 PM", "start": "16:59:45 PM", "finish": "17:06:47 PM", "wait": "0:00:00"}, "Consultation 2": {"arrival": "17:06:47 PM", "start": "17:06:47 PM", "finish": "17:20:51 PM", "wait": "0:00:00"}}, "Patient 62": {"Registration": {"arrival": "17:07:45 PM", "start": "17:07:45 PM", "finish": "17:14:47 PM", "wait": "0:00:00"}, "Consultation 2": {"arrival": "17:14:47 PM", "start": "17:20:51 PM", "finish": "17:34:53 PM", "wait": "0:06:04.720023"}, "Billing": {"arrival": "17:34:53 PM", "start": "17:34:53 PM", "finish": "17:44:55 PM", "wait": "0:00:00"}, "Xray": {"arrival": "17:44:55 PM", "start": "18:10:18 PM", "finish": "18:31:18 PM", "wait": "0:25:22.676598"}}, "Patient 63": {"Xray": {"arrival": "17:27:45 PM", "start": "17:28:10 PM", "finish": "17:49:13 PM", "wait": "0:00:25.967948"}}, "Patient 64": {"Registration": {"arrival": "17:27:45 PM", "start": "17:27:45 PM", "finish": "17:34:45 PM", "wait": "0:00:00"}, "Consultation 2": {"arrival": "17:34:45 PM", "start": "17:34:53 PM", "finish": "17:48:54 PM", "wait": "0:00:08.277732"}, "Billing": {"arrival": "17:48:54 PM", "start": "17:48:54 PM", "finish": "17:58:55 PM", "wait": "0:00:00"}, "Pharmacy": {"arrival": "17:58:55 PM", "start": "17:58:55 PM", "finish": "18:14:00 PM", "wait": "0:00:00"}}, "Patient 65": {"Xray": {"arrival": "17:37:45 PM", "start": "17:49:13 PM", "finish": "18:10:18 PM", "wait": "0:11:28.223974"}}, "Patient 66": {"Registration": {"arrival": "17:37:45 PM", "start": "17:37:45 PM", "finish": "17:44:45 PM", "wait": "0:00:00"}, "Consultation 2": {"arrival": "17:44:45 PM", "start": "17:48:54 PM", "finish": "18:02:55 PM", "wait": "0:04:08.760071"}, "Billing": {"arrival": "18:02:55 PM", "start": "18:02:55 PM", "finish": "18:12:57 PM", "wait": "0:00:00"}, "Injection": {"arrival": "18:12:57 PM", "start": "18:12:57 PM", "finish": "18:23:57 PM", "wait": "0:00:00"}}}