{"Patient 0": {"Registration": {"arrival": "07:30:00 AM", "start": "07:30:00 AM", "finish": "07:37:04 AM", "wait": "0:00:00"}, "Consultation 1": {"arrival": "07:37:04 AM", "start": "08:00:04 AM", "finish": "08:14:06 AM", "wait": "0:23:00"}, "Billing": {"arrival": "08:14:06 AM", "start": "08:15:00 AM", "finish": "08:25:05 AM", "wait": "0:00:54.411558"}, "Dressing": {"arrival": "08:25:05 AM", "start": "08:25:05 AM", "finish": "08:40:07 AM", "wait": "0:00:00"}}, "Patient 1": {"Registration": {"arrival": "07:30:00 AM", "start": "07:37:04 AM", "finish": "07:44:05 AM", "wait": "0:07:04.233374"}, "Consultation 1": {"arrival": "07:44:05 AM", "start": "08:14:06 AM", "finish": "08:28:08 AM", "wait": "0:30:00.864829"}, "Billing": {"arrival": "08:28:08 AM", "start": "08:35:07 AM", "finish": "08:45:08 AM", "wait": "0:06:59.610856"}, "Pharmacy": {"arrival": "08:45:08 AM", "start": "08:45:08 AM", "finish": "09:00:08 AM", "wait": "0:00:00"}}, "Patient 2": {"Registration": {"arrival": "07:30:00 AM", "start": "07:44:05 AM", "finish": "07:51:08 AM", "wait": "0:14:05.418498"}, "Consultation 1": {"arrival": "07:51:08 AM", "start": "08:28:08 AM", "finish": "08:42:11 AM", "wait": "0:36:59.529902"}, "Billing": {"arrival": "08:42:11 AM", "start": "08:55:10 AM", "finish": "09:05:12 AM", "wait": "0:12:58.475068"}, "Xray": {"arrival": "09:05:12 AM", "start": "10:06:20 AM", "finish": "10:27:21 AM", "wait": "1:01:08.131965"}}, "Patient 3": {"Xray": {"arrival": "07:31:00 AM", "start": "08:00:00 AM", "finish": "08:21:02 AM", "wait": "0:29:00"}}, "Patient 4": {"Registration": {"arrival": "07:31:00 AM", "start": "07:51:08 AM", "finish": "07:58:08 AM", "wait": "0:20:08.776907"}, "Consultation 1": {"arrival": "07:58:08 AM", "start": "08:42:11 AM", "finish": "08:56:12 AM", "wait": "0:44:02.831253"}, "Billing": {"arrival": "08:56:12 AM", "start": "09:15:15 AM", "finish": "09:25:19 AM", "wait": "0:19:02.884855"}, "Scan": {"arrival": "09:25:19 AM", "start": "09:25:19 AM", "finish": "09:53:23 AM", "wait": "0:00:00"}}, "Patient 5": {"Registration": {"arrival": "07:31:00 AM", "start": "07:58:08 AM", "finish": "08:05:11 AM", "wait": "0:27:08.870915"}, "Consultation 1": {"arrival": "08:05:11 AM", "start": "08:56:12 AM", "finish": "09:10:16 AM", "wait": "0:51:01.029170"}, "Billing": {"arrival": "09:10:16 AM", "start": "09:25:19 AM", "finish": "09:35:24 AM", "wait": "0:15:03.367265"}, "Pharmacy": {"arrival": "09:35:24 AM", "start": "09:35:24 AM", "finish": "09:50:28 AM", "wait": "0:00:00"}}, "Patient 6": {"Registration": {"arrival": "07:32:00 AM", "start": "08:05:11 AM", "finish": "08:12:15 AM", "wait": "0:33:11.130357"}, "Consultation 1": {"arrival": "08:12:15 AM", "start": "09:10:16 AM", "finish": "09:24:19 AM", "wait": "0:58:00.595995"}, "Billing": {"arrival": "09:24:19 AM", "start": "09:45:25 AM", "finish": "09:55:29 AM", "wait": "0:21:05.809288"}, "Pharmacy": {"arrival": "09:55:29 AM", "start": "10:05:30 AM", "finish": "10:20:31 AM", "wait": "0:10:01.090908"}}, "Patient 7": {"Registration": {"arrival": "07:33:00 AM", "start": "08:12:15 AM", "finish": "08:19:18 AM", "wait": "0:39:15.966621"}, "Consultation 1": {"arrival": "08:19:18 AM", "start": "09:24:19 AM", "finish": "09:38:20 AM", "wait": "1:05:01.531626"}, "Billing": {"arrival": "09:38:20 AM", "start": "09:55:29 AM", "finish": "10:05:33 AM", "wait": "0:17:09.111303"}, "Pharmacy": {"arrival": "10:05:33 AM", "start": "10:20:31 AM", "finish": "10:35:33 AM", "wait": "0:14:57.563560"}}, "Patient 8": {"Xray": {"arrival": "07:36:59 AM", "start": "08:42:06 AM", "finish": "09:03:07 AM", "wait": "1:05:07.970557"}}, "Patient 9": {"Registration": {"arrival": "07:37:59 AM", "start": "08:19:18 AM", "finish": "08:26:21 AM", "wait": "0:41:19.060608"}}, "Patient 10": {"Registration": {"arrival": "07:39:59 AM", "start": "08:26:21 AM", "finish": "08:33:24 AM", "wait": "0:46:22.588321"}, "Consultation 1": {"arrival": "08:33:24 AM", "start": "09:38:20 AM", "finish": "09:52:24 AM", "wait": "1:04:55.808495"}, "Billing": {"arrival": "09:52:24 AM", "start": "10:15:36 AM", "finish": "10:25:38 AM", "wait": "0:23:12.432344"}, "Pharmacy": {"arrival": "10:25:38 AM", "start": "10:35:33 AM", "finish": "10:50:34 AM", "wait": "0:09:55.175914"}}, "Patient 11": {"Billing": {"arrival": "08:42:06 AM", "start": "08:45:08 AM", "finish": "08:55:10 AM", "wait": "0:03:01.925912"}, "Xray": {"arrival": "07:53:00 AM", "start": "08:21:02 AM", "finish": "08:42:06 AM", "wait": "0:28:02.315243"}, "Pharmacy": {"arrival": "08:55:10 AM", "start": "09:00:08 AM", "finish": "09:15:09 AM", "wait": "0:04:58.749262"}}, "Patient 12": {"Registration": {"arrival": "07:42:59 AM", "start": "08:33:24 AM", "finish": "08:40:28 AM", "wait": "0:50:25.561458"}, "Consultation 1": {"arrival": "12:12:34 PM", "start": "13:51:08 PM", "finish": "14:05:11 PM", "wait": "1:38:34.461409"}, "Billing": {"arrival": "14:05:11 PM", "start": "14:16:34 PM", "finish": "14:26:37 PM", "wait": "0:11:23.657534"}, "Xray": {"arrival": "10:45:39 AM", "start": "11:51:33 AM", "finish": "12:12:34 PM", "wait": "1:05:53.461586"}, "Pharmacy": {"arrival": "14:26:37 PM", "start": "15:06:31 PM", "finish": "15:21:33 PM", "wait": "0:39:54.163269"}, "Dressing": {"arrival": "15:21:33 PM", "start": "15:21:33 PM", "finish": "15:36:35 PM", "wait": "0:00:00"}}, "Patient 13": {"Registration": {"arrival": "07:42:59 AM", "start": "08:40:28 AM", "finish": "08:47:31 AM", "wait": "0:57:29.482534"}, "Consultation 1": {"arrival": "08:47:31 AM", "start": "10:06:25 AM", "finish": "10:20:28 AM", "wait": "1:18:54.132880"}, "Billing": {"arrival": "10:20:28 AM", "start": "10:45:39 AM", "finish": "10:55:43 AM", "wait": "0:25:11.449582"}, "Xray": {"arrival": "10:55:43 AM", "start": "12:12:34 PM", "finish": "12:33:35 PM", "wait": "1:16:50.672814"}}, "Patient 14": {"Billing": {"arrival": "07:47:58 AM", "start": "07:53:00 AM", "finish": "08:03:02 AM", "wait": "0:05:02.238780"}, "Scan": {"arrival": "08:03:02 AM", "start": "08:03:02 AM", "finish": "08:31:03 AM", "wait": "0:00:00"}}, "Patient 15": {"Registration": {"arrival": "07:47:58 AM", "start": "08:47:31 AM", "finish": "08:54:35 AM", "wait": "0:59:33.039037"}, "Consultation 1": {"arrival": "08:54:35 AM", "start": "10:20:28 AM", "finish": "10:34:33 AM", "wait": "1:25:52.827549"}, "Billing": {"arrival": "10:34:33 AM", "start": "10:55:43 AM", "finish": "11:05:45 AM", "wait": "0:21:10.329471"}, "Pharmacy": {"arrival": "11:35:51 AM", "start": "11:35:51 AM", "finish": "11:50:55 AM", "wait": "0:00:00"}, "Dressing": {"arrival": "11:20:49 AM", "start": "11:20:49 AM", "finish": "11:35:51 AM", "wait": "0:00:00"}}, "Patient 16": {"Registration": {"arrival": "07:48:58 AM", "start": "08:54:35 AM", "finish": "09:01:40 AM", "wait": "1:05:37.560913"}, "Consultation 1": {"arrival": "09:01:40 AM", "start": "10:34:33 AM", "finish": "10:48:35 AM", "wait": "1:32:52.628138"}, "Billing": {"arrival": "13:15:45 PM", "start": "13:26:17 PM", "finish": "13:36:19 PM", "wait": "0:10:32.005633"}, "Xray": {"arrival": "11:25:50 AM", "start": "12:54:40 PM", "finish": "13:15:45 PM", "wait": "1:28:50.207225"}, "Pharmacy": {"arrival": "13:36:19 PM", "start": "14:21:22 PM", "finish": "14:36:24 PM", "wait": "0:45:02.863714"}, "Dressing": {"arrival": "14:36:24 PM", "start": "14:36:24 PM", "finish": "14:51:25 PM", "wait": "0:00:00"}}, "Patient 17": {"Registration": {"arrival": "07:55:57 AM", "start": "09:01:40 AM", "finish": "09:08:42 AM", "wait": "1:05:43.445111"}, "Consultation 1": {"arrival": "09:08:42 AM", "start": "10:48:35 AM", "finish": "11:02:39 AM", "wait": "1:39:52.758221"}, "Billing": {"arrival": "11:02:39 AM", "start": "11:25:50 AM", "finish": "11:35:53 AM", "wait": "0:23:11.216784"}, "Injection": {"arrival": "11:35:53 AM", "start": "11:35:53 AM", "finish": "11:46:55 AM", "wait": "0:00:00"}}, "Patient 18": {"Registration": {"arrival": "08:01:57 AM", "start": "09:08:42 AM", "finish": "09:15:45 AM", "wait": "1:06:45.432415"}, "Consultation 1": {"arrival": "09:15:45 AM", "start": "11:02:39 AM", "finish": "11:16:40 AM", "wait": "1:46:53.991725"}, "Billing": {"arrival": "11:16:40 AM", "start": "11:45:54 AM", "finish": "11:55:58 AM", "wait": "0:29:13.914996"}, "Injection": {"arrival": "11:55:58 AM", "start": "11:55:58 AM", "finish": "12:07:03 PM", "wait": "0:00:00"}}, "Patient 19": {"Billing": {"arrival": "09:24:11 AM", "start": "09:35:24 AM", "finish": "09:45:25 AM", "wait": "0:11:13.331373"}, "Xray": {"arrival": "08:15:00 AM", "start": "09:03:07 AM", "finish": "09:24:11 AM", "wait": "0:48:07.226257"}, "Pharmacy": {"arrival": "09:45:25 AM", "start": "09:50:28 AM", "finish": "10:05:30 AM", "wait": "0:05:03.450837"}, "Dressing": {"arrival": "10:05:30 AM", "start": "10:05:30 AM", "finish": "10:20:31 AM", "wait": "0:00:00"}}, "Patient 20": {"Registration": {"arrival": "08:07:57 AM", "start": "09:15:45 AM", "finish": "09:22:47 AM", "wait": "1:07:48.016298"}, "Consultation 1": {"arrival": "09:22:47 AM", "start": "11:16:40 AM", "finish": "11:30:41 AM", "wait": "1:53:53.180173"}, "Billing": {"arrival": "11:30:41 AM", "start": "11:55:58 AM", "finish": "12:06:03 PM", "wait": "0:25:17.613019"}, "Pharmacy": {"arrival": "12:06:03 PM", "start": "12:06:03 PM", "finish": "12:21:07 PM", "wait": "0:00:00"}}, "Patient 21": {"Billing": {"arrival": "08:16:57 AM", "start": "08:25:05 AM", "finish": "08:35:07 AM", "wait": "0:08:08.093339"}, "Xray": {"arrival": "08:35:07 AM", "start": "09:24:11 AM", "finish": "09:45:16 AM", "wait": "0:49:03.463419"}}, "Patient 22": {"Registration": {"arrival": "08:19:57 AM", "start": "09:22:47 AM", "finish": "09:29:52 AM", "wait": "1:02:50.790983"}}, "Patient 23": {"Billing": {"arrival": "08:49:56 AM", "start": "09:05:12 AM", "finish": "09:15:15 AM", "wait": "0:15:16.523442"}, "Xray": {"arrival": "09:15:15 AM", "start": "10:27:21 AM", "finish": "10:48:23 AM", "wait": "1:12:06.600907"}}, "Patient 24": {"Registration": {"arrival": "08:55:56 AM", "start": "09:29:52 AM", "finish": "09:36:57 AM", "wait": "0:33:56.468830"}, "Consultation 1": {"arrival": "09:36:57 AM", "start": "11:30:41 AM", "finish": "11:44:45 AM", "wait": "1:53:44.055606"}, "Billing": {"arrival": "11:44:45 AM", "start": "12:06:03 PM", "finish": "12:16:03 PM", "wait": "0:21:17.677548"}, "Xray": {"arrival": "12:16:03 PM", "start": "13:57:47 PM", "finish": "14:18:48 PM", "wait": "1:41:43.971832"}}, "Patient 25": {"Xray": {"arrival": "09:02:56 AM", "start": "09:45:16 AM", "finish": "10:06:20 AM", "wait": "0:42:20.276645"}}, "Patient 26": {"Registration": {"arrival": "09:06:56 AM", "start": "09:36:57 AM", "finish": "09:43:58 AM", "wait": "0:30:01.177600"}, "Consultation 1": {"arrival": "09:43:58 AM", "start": "11:44:45 AM", "finish": "11:58:47 AM", "wait": "2:00:47.402144"}, "Billing": {"arrival": "11:58:47 AM", "start": "12:16:03 PM", "finish": "12:26:04 PM", "wait": "0:17:15.517830"}, "Xray": {"arrival": "12:26:04 PM", "start": "14:39:49 PM", "finish": "15:00:50 PM", "wait": "2:13:45.205345"}}, "Patient 27": {"Registration": {"arrival": "09:16:56 AM", "start": "09:43:58 AM", "finish": "09:51:02 AM", "wait": "0:27:02.089818"}, "Consultation 1": {"arrival": "09:51:02 AM", "start": "11:58:47 AM", "finish": "12:12:49 PM", "wait": "2:07:45.632548"}, "Billing": {"arrival": "12:12:49 PM", "start": "12:26:04 PM", "finish": "12:36:05 PM", "wait": "0:13:14.247329"}, "Pharmacy": {"arrival": "12:36:05 PM", "start": "12:36:05 PM", "finish": "12:51:05 PM", "wait": "0:00:00"}, "Dressing": {"arrival": "12:51:05 PM", "start": "12:51:05 PM", "finish": "13:06:09 PM", "wait": "0:00:00"}}, "Patient 28": {"Xray": {"arrival": "09:21:56 AM", "start": "10:48:23 AM", "finish": "11:09:27 AM", "wait": "1:26:27.331413"}}, "Patient 29": {"Billing": {"arrival": "13:23:00 PM", "start": "13:36:19 PM", "finish": "13:46:24 PM", "wait": "0:13:19.485162"}, "Xray": {"arrival": "10:15:36 AM", "start": "11:09:27 AM", "finish": "11:30:31 AM", "wait": "0:53:51.040124"}, "Consultation 1": {"arrival": "11:30:31 AM", "start": "13:08:55 PM", "finish": "13:23:00 PM", "wait": "1:38:24.493507"}, "Pharmacy": {"arrival": "13:46:24 PM", "start": "14:36:24 PM", "finish": "14:51:28 PM", "wait": "0:50:00.488789"}}, "Patient 30": {"Billing": {"arrival": "13:37:04 PM", "start": "13:56:26 PM", "finish": "14:06:30 PM", "wait": "0:19:21.477769"}, "Xray": {"arrival": "10:35:38 AM", "start": "11:30:31 AM", "finish": "11:51:33 AM", "wait": "0:54:52.397501"}, "Consultation 1": {"arrival": "11:51:33 AM", "start": "13:23:00 PM", "finish": "13:37:04 PM", "wait": "1:31:27.205655"}, "Pharmacy": {"arrival": "14:06:30 PM", "start": "14:51:28 PM", "finish": "15:06:31 PM", "wait": "0:44:58.579928"}}, "Patient 31": {"Registration": {"arrival": "10:08:56 AM", "start": "10:08:56 AM", "finish": "10:15:57 AM", "wait": "0:00:00"}}, "Patient 32": {"Registration": {"arrival": "10:09:56 AM", "start": "10:15:57 AM", "finish": "10:22:58 AM", "wait": "0:06:01.016825"}, "Consultation 1": {"arrival": "10:22:58 AM", "start": "12:12:49 PM", "finish": "12:26:51 PM", "wait": "1:49:51.282626"}, "Billing": {"arrival": "12:26:51 PM", "start": "12:36:05 PM", "finish": "12:46:06 PM", "wait": "0:09:14.154676"}, "Pharmacy": {"arrival": "12:46:06 PM", "start": "12:51:05 PM", "finish": "13:06:10 PM", "wait": "0:04:59.519079"}}, "Patient 33": {"Registration": {"arrival": "10:33:56 AM", "start": "10:33:56 AM", "finish": "10:40:58 AM", "wait": "0:00:00"}, "Consultation 1": {"arrival": "10:40:58 AM", "start": "12:26:51 PM", "finish": "12:40:52 PM", "wait": "1:45:52.130640"}, "Billing": {"arrival": "12:40:52 PM", "start": "12:46:06 PM", "finish": "12:56:09 PM", "wait": "0:05:14.077090"}, "Pharmacy": {"arrival": "13:36:12 PM", "start": "14:06:20 PM", "finish": "14:21:22 PM", "wait": "0:30:08.359846"}, "Dressing": {"arrival": "13:21:11 PM", "start": "13:21:11 PM", "finish": "13:36:12 PM", "wait": "0:00:00"}}, "Patient 34": {"Billing": {"arrival": "12:54:40 PM", "start": "12:56:09 PM", "finish": "13:06:13 PM", "wait": "0:01:29.207895"}, "Xray": {"arrival": "11:15:48 AM", "start": "12:33:35 PM", "finish": "12:54:40 PM", "wait": "1:17:47.417973"}, "Pharmacy": {"arrival": "13:06:13 PM", "start": "13:21:11 PM", "finish": "13:36:13 PM", "wait": "0:14:57.976229"}, "Dressing": {"arrival": "13:36:13 PM", "start": "13:36:13 PM", "finish": "13:51:13 PM", "wait": "0:00:00"}}, "Patient 35": {"Registration": {"arrival": "10:40:56 AM", "start": "10:40:58 AM", "finish": "10:48:03 AM", "wait": "0:00:02.872979"}, "Consultation 1": {"arrival": "10:48:03 AM", "start": "12:40:52 PM", "finish": "12:54:54 PM", "wait": "1:52:49.038317"}, "Billing": {"arrival": "12:54:54 PM", "start": "13:06:13 PM", "finish": "13:16:16 PM", "wait": "0:11:19.066197"}, "Pharmacy": {"arrival": "13:16:16 PM", "start": "13:36:13 PM", "finish": "13:51:16 PM", "wait": "0:19:57.046397"}}, "Patient 36": {"Billing": {"arrival": "11:07:56 AM", "start": "11:35:53 AM", "finish": "11:45:54 AM", "wait": "0:27:57.538640"}, "Xray": {"arrival": "11:45:54 AM", "start": "13:36:46 PM", "finish": "13:57:47 PM", "wait": "1:50:51.324195"}}, "Patient 37": {"Registration": {"arrival": "11:19:56 AM", "start": "11:19:56 AM", "finish": "11:26:56 AM", "wait": "0:00:00"}, "Consultation 1": {"arrival": "11:26:56 AM", "start": "12:54:54 PM", "finish": "13:08:55 PM", "wait": "1:27:58.208988"}, "Billing": {"arrival": "13:08:55 PM", "start": "13:16:16 PM", "finish": "13:26:17 PM", "wait": "0:07:20.457490"}, "Pharmacy": {"arrival": "13:26:17 PM", "start": "13:51:16 PM", "finish": "14:06:20 PM", "wait": "0:24:59.564110"}}, "Patient 38": {"Xray": {"arrival": "11:27:56 AM", "start": "13:15:45 PM", "finish": "13:36:46 PM", "wait": "1:47:49.370658"}}, "Patient 39": {"Registration": {"arrival": "11:52:55 AM", "start": "11:52:55 AM", "finish": "11:59:57 AM", "wait": "0:00:00"}, "Consultation 1": {"arrival": "11:59:57 AM", "start": "13:37:04 PM", "finish": "13:51:08 PM", "wait": "1:37:07.009671"}}, "Patient 40": {"Xray": {"arrival": "12:25:54 PM", "start": "14:18:48 PM", "finish": "14:39:49 PM", "wait": "1:52:54.838192"}}, "Patient 41": {"Registration": {"arrival": "12:47:53 PM", "start": "12:47:53 PM", "finish": "12:54:54 PM", "wait": "0:00:00"}, "Consultation 1": {"arrival": "12:54:54 PM", "start": "14:05:11 PM", "finish": "14:19:15 PM", "wait": "1:10:16.698966"}, "Billing": {"arrival": "14:19:15 PM", "start": "14:36:37 PM", "finish": "14:46:37 PM", "wait": "0:17:22.278015"}, "Dressing": {"arrival": "14:46:37 PM", "start": "14:51:25 PM", "finish": "15:06:29 PM", "wait": "0:04:47.420987"}}, "Patient 42": {"Registration": {"arrival": "13:05:53 PM", "start": "13:05:53 PM", "finish": "13:12:54 PM", "wait": "0:00:00"}, "Consultation 2": {"arrival": "13:12:54 PM", "start": "13:12:54 PM", "finish": "13:26:56 PM", "wait": "0:00:00"}, "Billing": {"arrival": "13:26:56 PM", "start": "13:46:24 PM", "finish": "13:56:26 PM", "wait": "0:19:27.352594"}, "Xray": {"arrival": "13:56:26 PM", "start": "15:42:52 PM", "finish": "16:03:54 PM", "wait": "1:46:26.561827"}}, "Patient 43": {"Xray": {"arrival": "13:27:53 PM", "start": "15:00:50 PM", "finish": "15:21:51 PM", "wait": "1:32:57.922292"}}, "Patient 44": {"Registration": {"arrival": "13:42:52 PM", "start": "13:42:52 PM", "finish": "13:49:53 PM", "wait": "0:00:00"}, "Consultation 2": {"arrival": "13:49:53 PM", "start": "13:49:53 PM", "finish": "14:03:54 PM", "wait": "0:00:00"}, "Billing": {"arrival": "14:03:54 PM", "start": "14:06:30 PM", "finish": "14:16:34 PM", "wait": "0:02:35.398645"}, "Injection": {"arrival": "14:16:34 PM", "start": "14:16:34 PM", "finish": "14:27:38 PM", "wait": "0:00:00"}}, "Patient 45": {"Registration": {"arrival": "13:42:52 PM", "start": "13:49:53 PM", "finish": "13:56:55 PM", "wait": "0:07:01.454193"}, "Consultation 2": {"arrival": "13:56:55 PM", "start": "14:03:54 PM", "finish": "14:17:56 PM", "wait": "0:06:59.124071"}, "Billing": {"arrival": "14:17:56 PM", "start": "14:26:37 PM", "finish": "14:36:37 PM", "wait": "0:08:41.225805"}, "Pharmacy": {"arrival": "14:36:37 PM", "start": "15:21:33 PM", "finish": "15:36:34 PM", "wait": "0:44:56.419837"}}, "Patient 46": {"Xray": {"arrival": "13:55:52 PM", "start": "15:21:51 PM", "finish": "15:42:52 PM", "wait": "1:25:59.083221"}}, "Patient 47": {"Registration": {"arrival": "14:07:52 PM", "start": "14:07:52 PM", "finish": "14:14:52 PM", "wait": "0:00:00"}, "Consultation 2": {"arrival": "14:14:52 PM", "start": "14:17:56 PM", "finish": "14:32:00 PM", "wait": "0:03:03.256765"}, "Billing": {"arrival": "14:32:00 PM", "start": "14:46:37 PM", "finish": "14:56:42 PM", "wait": "0:14:37.634586"}, "Pharmacy": {"arrival": "14:56:42 PM", "start": "15:36:34 PM", "finish": "15:51:38 PM", "wait": "0:39:51.411996"}, "Dressing": {"arrival": "15:51:38 PM", "start": "15:51:38 PM", "finish": "16:06:42 PM", "wait": "0:00:00.324506"}}, "Patient 48": {"Registration": {"arrival": "14:19:51 PM", "start": "14:19:51 PM", "finish": "14:26:53 PM", "wait": "0:00:00"}, "Consultation 2": {"arrival": "14:26:53 PM", "start": "14:32:00 PM", "finish": "14:46:04 PM", "wait": "0:05:06.341995"}, "Billing": {"arrival": "15:34:47 PM", "start": "15:48:57 PM", "finish": "15:58:58 PM", "wait": "0:14:09.772662"}, "Scan": {"arrival": "15:06:44 PM", "start": "15:06:44 PM", "finish": "15:34:47 PM", "wait": "0:00:00"}, "Pharmacy": {"arrival": "15:58:58 PM", "start": "15:58:58 PM", "finish": "16:14:02 PM", "wait": "0:00:00"}}, "Patient 49": {"Registration": {"arrival": "14:27:50 PM", "start": "14:27:50 PM", "finish": "14:34:51 PM", "wait": "0:00:00"}, "Consultation 2": {"arrival": "14:34:51 PM", "start": "14:46:04 PM", "finish": "15:00:08 PM", "wait": "0:11:13.499016"}, "Billing": {"arrival": "15:00:08 PM", "start": "15:06:44 PM", "finish": "15:16:47 PM", "wait": "0:06:36.263618"}, "Injection": {"arrival": "15:16:47 PM", "start": "15:16:47 PM", "finish": "15:27:51 PM", "wait": "0:00:00"}}, "Patient 50": {"Registration": {"arrival": "14:37:50 PM", "start": "14:37:50 PM", "finish": "14:44:50 PM", "wait": "0:00:00"}}, "Patient 51": {"Registration": {"arrival": "14:57:49 PM", "start": "14:57:49 PM", "finish": "15:04:51 PM", "wait": "0:00:00"}, "Consultation 2": {"arrival": "15:04:51 PM", "start": "15:04:51 PM", "finish": "15:18:51 PM", "wait": "0:00:00"}, "Billing": {"arrival": "15:18:51 PM", "start": "15:18:51 PM", "finish": "15:28:51 PM", "wait": "0:00:00"}, "Dressing": {"arrival": "15:28:51 PM", "start": "15:36:35 PM", "finish": "15:51:38 PM", "wait": "0:07:43.936737"}}, "Patient 52": {"Registration": {"arrival": "15:05:48 PM", "start": "15:05:48 PM", "finish": "15:12:52 PM", "wait": "0:00:00"}, "Consultation 2": {"arrival": "15:12:52 PM", "start": "15:18:51 PM", "finish": "15:32:55 PM", "wait": "0:05:59.464384"}, "Billing": {"arrival": "15:32:55 PM", "start": "15:38:54 PM", "finish": "15:48:57 PM", "wait": "0:05:58.590965"}, "Xray": {"arrival": "15:48:57 PM", "start": "16:03:54 PM", "finish": "16:24:55 PM", "wait": "0:14:57.291536"}}, "Patient 53": {"Billing": {"arrival": "15:27:48 PM", "start": "15:28:51 PM", "finish": "15:38:54 PM", "wait": "0:01:03.953716"}, "Scan": {"arrival": "15:38:54 PM", "start": "15:38:54 PM", "finish": "16:06:55 PM", "wait": "0:00:00"}}, "Patient 54": {"Registration": {"arrival": "15:30:48 PM", "start": "15:30:48 PM", "finish": "15:37:50 PM", "wait": "0:00:00"}, "Consultation 2": {"arrival": "15:37:50 PM", "start": "15:37:50 PM", "finish": "15:51:51 PM", "wait": "0:00:00"}, "Billing": {"arrival": "15:51:51 PM", "start": "16:09:02 PM", "finish": "16:19:07 PM", "wait": "0:17:11.019506"}, "Dressing": {"arrival": "16:19:07 PM", "start": "16:19:07 PM", "finish": "16:34:09 PM", "wait": "0:00:00"}}, "Patient 55": {"Billing": {"arrival": "15:47:47 PM", "start": "15:58:58 PM", "finish": "16:09:02 PM", "wait": "0:11:11.033086"}, "Xray": {"arrival": "16:09:02 PM", "start": "16:24:55 PM", "finish": "16:45:57 PM", "wait": "0:15:53.437274"}}, "Patient 56": {"Registration": {"arrival": "15:57:47 PM", "start": "15:57:47 PM", "finish": "16:04:49 PM", "wait": "0:00:00"}}, "Patient 57": {"Billing": {"arrival": "18:12:52 PM", "start": "18:12:52 PM", "finish": "18:22:56 PM", "wait": "0:00:00"}, "Xray": {"arrival": "16:29:08 PM", "start": "17:28:02 PM", "finish": "17:49:03 PM", "wait": "0:58:53.741396"}, "Consultation 2": {"arrival": "17:49:03 PM", "start": "17:58:49 PM", "finish": "18:12:52 PM", "wait": "0:09:45.710020"}, "Pharmacy": {"arrival": "18:22:56 PM", "start": "18:22:56 PM", "finish": "18:37:58 PM", "wait": "0:00:00"}}, "Patient 58": {"Xray": {"arrival": "16:25:47 PM", "start": "16:45:57 PM", "finish": "17:07:00 PM", "wait": "0:20:10.209269"}}, "Patient 59": {"Registration": {"arrival": "16:27:46 PM", "start": "16:27:46 PM", "finish": "16:34:49 PM", "wait": "0:00:00"}, "Consultation 2": {"arrival": "16:34:49 PM", "start": "16:34:49 PM", "finish": "16:48:54 PM", "wait": "0:00:00"}, "Billing": {"arrival": "16:48:54 PM", "start": "16:48:54 PM", "finish": "16:58:58 PM", "wait": "0:00:00"}, "Pharmacy": {"arrival": "16:58:58 PM", "start": "16:58:58 PM", "finish": "17:14:01 PM", "wait": "0:00:00"}}, "Patient 60": {"Xray": {"arrival": "16:27:46 PM", "start": "17:07:00 PM", "finish": "17:28:02 PM", "wait": "0:39:14.702128"}}, "Patient 61": {"Registration": {"arrival": "16:59:45 PM", "start": "16:59:45 PM", "finish": "17:06:49 PM", "wait": "0:00:00"}, "Consultation 2": {"arrival": "17:06:49 PM", "start": "17:06:49 PM", "finish": "17:20:50 PM", "wait": "0:00:00"}, "Billing": {"arrival": "17:20:50 PM", "start": "17:20:50 PM", "finish": "17:30:53 PM", "wait": "0:00:00"}, "Pharmacy": {"arrival": "17:30:53 PM", "start": "17:30:53 PM", "finish": "17:45:56 PM", "wait": "0:00:00"}}, "Patient 62": {"Registration": {"arrival": "17:07:45 PM", "start": "17:07:45 PM", "finish": "17:14:46 PM", "wait": "0:00:00"}}, "Patient 63": {"Xray": {"arrival": "17:27:45 PM", "start": "17:49:03 PM", "finish": "18:10:04 PM", "wait": "0:21:18.344686"}}, "Patient 64": {"Billing": {"arrival": "17:27:45 PM", "start": "17:30:53 PM", "finish": "17:40:53 PM", "wait": "0:03:08.156178"}, "Xray": {"arrival": "17:40:53 PM", "start": "18:31:07 PM", "finish": "18:52:09 PM", "wait": "0:50:13.759009"}}, "Patient 65": {"Registration": {"arrival": "17:37:45 PM", "start": "17:37:45 PM", "finish": "17:44:45 PM", "wait": "0:00:00"}, "Consultation 2": {"arrival": "17:44:45 PM", "start": "17:44:45 PM", "finish": "17:58:49 PM", "wait": "0:00:00"}, "Billing": {"arrival": "17:58:49 PM", "start": "17:58:49 PM", "finish": "18:08:50 PM", "wait": "0:00:00"}, "Xray": {"arrival": "18:08:50 PM", "start": "18:52:09 PM", "finish": "19:13:11 PM", "wait": "0:43:19.147004"}}, "Patient 66": {"Xray": {"arrival": "17:37:45 PM", "start": "18:10:04 PM", "finish": "18:31:07 PM", "wait": "0:32:19.325903"}}}