{"Patient 0": {"Billing": {"arrival": "08:42:03 AM", "start": "08:44:17 AM", "finish": "08:54:20 AM", "wait": "0:02:13.533583"}, "Xray": {"arrival": "07:40:01 AM", "start": "08:21:03 AM", "finish": "08:42:03 AM", "wait": "0:41:02.138633"}, "Pharmacy": {"arrival": "08:54:20 AM", "start": "08:59:20 AM", "finish": "09:14:21 AM", "wait": "0:04:59.323938"}, "Dressing": {"arrival": "09:14:21 AM", "start": "09:14:21 AM", "finish": "09:29:24 AM", "wait": "0:00:00"}}, "Patient 1": {"Registration": {"arrival": "07:30:00 AM", "start": "07:30:00 AM", "finish": "07:37:04 AM", "wait": "0:00:00"}, "Consultation 1": {"arrival": "07:37:04 AM", "start": "08:00:04 AM", "finish": "08:14:06 AM", "wait": "0:23:00"}, "Billing": {"arrival": "08:14:06 AM", "start": "08:14:06 AM", "finish": "08:24:10 AM", "wait": "0:00:00"}, "Pharmacy": {"arrival": "08:24:10 AM", "start": "08:24:10 AM", "finish": "08:39:12 AM", "wait": "0:00:00"}, "Dressing": {"arrival": "08:39:12 AM", "start": "08:39:12 AM", "finish": "08:54:12 AM", "wait": "0:00:00"}}, "Patient 2": {"Registration": {"arrival": "07:30:00 AM", "start": "07:37:04 AM", "finish": "07:44:08 AM", "wait": "0:07:04.840696"}, "Consultation 1": {"arrival": "07:44:08 AM", "start": "08:14:06 AM", "finish": "08:28:08 AM", "wait": "0:29:58.255658"}, "Billing": {"arrival": "08:28:08 AM", "start": "08:34:12 AM", "finish": "08:44:17 AM", "wait": "0:06:03.711666"}, "Pharmacy": {"arrival": "08:44:17 AM", "start": "08:44:17 AM", "finish": "08:59:20 AM", "wait": "0:00:00"}}, "Patient 3": {"Registration": {"arrival": "07:31:00 AM", "start": "07:44:08 AM", "finish": "07:51:12 AM", "wait": "0:13:08.070386"}, "Consultation 1": {"arrival": "07:51:12 AM", "start": "08:28:08 AM", "finish": "08:42:10 AM", "wait": "0:36:55.873146"}, "Billing": {"arrival": "08:42:10 AM", "start": "08:54:20 AM", "finish": "09:04:20 AM", "wait": "0:12:09.836671"}, "Scan": {"arrival": "09:04:20 AM", "start": "09:04:20 AM", "finish": "09:32:25 AM", "wait": "0:00:00"}}, "Patient 4": {"Registration": {"arrival": "07:31:00 AM", "start": "07:51:12 AM", "finish": "07:58:16 AM", "wait": "0:20:12.920486"}, "Consultation 1": {"arrival": "07:58:16 AM", "start": "08:42:10 AM", "finish": "08:56:13 AM", "wait": "0:43:54.422892"}, "Billing": {"arrival": "08:56:13 AM", "start": "09:04:20 AM", "finish": "09:14:21 AM", "wait": "0:08:06.829613"}, "Injection": {"arrival": "09:14:21 AM", "start": "09:14:21 AM", "finish": "09:25:21 AM", "wait": "0:00:00"}}, "Patient 5": {"Registration": {"arrival": "07:31:00 AM", "start": "07:58:16 AM", "finish": "08:05:18 AM", "wait": "0:27:16.472953"}}, "Patient 6": {"Xray": {"arrival": "07:32:00 AM", "start": "08:00:00 AM", "finish": "08:21:03 AM", "wait": "0:28:00"}}, "Patient 7": {"Registration": {"arrival": "07:33:00 AM", "start": "08:05:18 AM", "finish": "08:12:19 AM", "wait": "0:32:18.623054"}, "Consultation 1": {"arrival": "08:12:19 AM", "start": "08:56:13 AM", "finish": "09:10:17 AM", "wait": "0:43:54.680161"}, "Billing": {"arrival": "09:10:17 AM", "start": "09:14:21 AM", "finish": "09:24:22 AM", "wait": "0:04:03.571978"}, "Pharmacy": {"arrival": "09:24:22 AM", "start": "09:24:22 AM", "finish": "09:39:24 AM", "wait": "0:00:00"}}, "Patient 8": {"Registration": {"arrival": "07:36:59 AM", "start": "08:12:19 AM", "finish": "08:19:21 AM", "wait": "0:35:20.224304"}}, "Patient 9": {"Registration": {"arrival": "07:37:59 AM", "start": "08:19:21 AM", "finish": "08:26:26 AM", "wait": "0:41:22.875705"}, "Consultation 1": {"arrival": "08:26:26 AM", "start": "09:10:17 AM", "finish": "09:24:20 AM", "wait": "0:43:50.849461"}}, "Patient 10": {"Registration": {"arrival": "07:39:59 AM", "start": "08:26:26 AM", "finish": "08:33:30 AM", "wait": "0:46:27.864734"}, "Consultation 1": {"arrival": "08:33:30 AM", "start": "09:24:20 AM", "finish": "09:38:24 AM", "wait": "0:50:49.948670"}, "Billing": {"arrival": "09:38:24 AM", "start": "09:38:24 AM", "finish": "09:48:25 AM", "wait": "0:00:00"}, "Pharmacy": {"arrival": "10:18:26 AM", "start": "10:18:28 AM", "finish": "10:33:32 AM", "wait": "0:00:01.709971"}, "Dressing": {"arrival": "10:03:26 AM", "start": "10:03:26 AM", "finish": "10:18:26 AM", "wait": "0:00:00"}}, "Patient 11": {"Billing": {"arrival": "07:42:59 AM", "start": "07:42:59 AM", "finish": "07:53:01 AM", "wait": "0:00:00"}, "Xray": {"arrival": "07:53:01 AM", "start": "08:42:03 AM", "finish": "09:03:06 AM", "wait": "0:49:02.534836"}}, "Patient 12": {"Xray": {"arrival": "07:42:59 AM", "start": "09:24:10 AM", "finish": "09:45:14 AM", "wait": "1:41:11.578774"}}, "Patient 13": {"Registration": {"arrival": "07:42:59 AM", "start": "08:33:30 AM", "finish": "08:40:33 AM", "wait": "0:50:31.264281"}, "Consultation 1": {"arrival": "08:40:33 AM", "start": "09:38:24 AM", "finish": "09:52:25 AM", "wait": "0:57:50.926741"}, "Billing": {"arrival": "09:52:25 AM", "start": "09:52:25 AM", "finish": "10:02:30 AM", "wait": "0:00:00"}, "Pharmacy": {"arrival": "10:02:30 AM", "start": "10:03:26 AM", "finish": "10:18:28 AM", "wait": "0:00:56.573392"}}, "Patient 14": {"Registration": {"arrival": "07:47:58 AM", "start": "08:40:33 AM", "finish": "08:47:38 AM", "wait": "0:52:35.692240"}, "Consultation 1": {"arrival": "08:47:38 AM", "start": "09:52:25 AM", "finish": "10:06:28 AM", "wait": "1:04:47.068694"}}, "Patient 15": {"Registration": {"arrival": "07:47:58 AM", "start": "08:47:38 AM", "finish": "08:54:41 AM", "wait": "0:59:40.053064"}, "Consultation 1": {"arrival": "08:54:41 AM", "start": "10:06:28 AM", "finish": "10:20:29 AM", "wait": "1:11:47.002272"}, "Billing": {"arrival": "10:20:29 AM", "start": "10:20:29 AM", "finish": "10:30:34 AM", "wait": "0:00:00"}, "Pharmacy": {"arrival": "10:30:34 AM", "start": "10:33:32 AM", "finish": "10:48:35 AM", "wait": "0:02:57.792214"}}, "Patient 16": {"Billing": {"arrival": "07:48:58 AM", "start": "07:53:01 AM", "finish": "08:03:05 AM", "wait": "0:04:03.357185"}, "Xray": {"arrival": "08:03:05 AM", "start": "09:45:14 AM", "finish": "10:06:16 AM", "wait": "1:42:08.553142"}}, "Patient 17": {"Xray": {"arrival": "07:55:57 AM", "start": "09:03:06 AM", "finish": "09:24:10 AM", "wait": "1:07:09.373626"}}, "Patient 18": {"Billing": {"arrival": "13:08:55 PM", "start": "13:08:55 PM", "finish": "13:19:00 PM", "wait": "0:00:00"}, "Xray": {"arrival": "08:13:06 AM", "start": "10:06:16 AM", "finish": "10:27:19 AM", "wait": "1:53:10.526129"}, "Consultation 1": {"arrival": "10:27:19 AM", "start": "12:54:53 PM", "finish": "13:08:55 PM", "wait": "2:27:33.754551"}, "Pharmacy": {"arrival": "13:19:00 PM", "start": "13:20:04 PM", "finish": "13:35:06 PM", "wait": "0:01:04.261720"}}, "Patient 19": {"Registration": {"arrival": "08:04:57 AM", "start": "08:54:41 AM", "finish": "09:01:43 AM", "wait": "0:49:44.499964"}, "Consultation 1": {"arrival": "11:30:23 AM", "start": "13:37:01 PM", "finish": "13:51:06 PM", "wait": "2:06:38.520611"}, "Billing": {"arrival": "10:34:33 AM", "start": "10:34:33 AM", "finish": "10:44:38 AM", "wait": "0:00:00"}, "Xray": {"arrival": "10:44:38 AM", "start": "11:09:22 AM", "finish": "11:30:23 AM", "wait": "0:24:44.701981"}}, "Patient 20": {"Registration": {"arrival": "08:07:57 AM", "start": "09:01:43 AM", "finish": "09:08:44 AM", "wait": "0:53:46.644977"}, "Consultation 1": {"arrival": "09:08:44 AM", "start": "10:34:33 AM", "finish": "10:48:36 AM", "wait": "1:25:49.053346"}, "Billing": {"arrival": "10:48:36 AM", "start": "10:54:41 AM", "finish": "11:04:42 AM", "wait": "0:06:04.242409"}, "Pharmacy": {"arrival": "11:04:42 AM", "start": "11:04:42 AM", "finish": "11:19:44 AM", "wait": "0:00:00"}, "Dressing": {"arrival": "11:19:44 AM", "start": "11:19:44 AM", "finish": "11:34:48 AM", "wait": "0:00:00"}}, "Patient 21": {"Billing": {"arrival": "13:23:00 PM", "start": "13:29:01 PM", "finish": "13:39:04 PM", "wait": "0:06:00.674076"}, "Xray": {"arrival": "08:34:12 AM", "start": "10:27:19 AM", "finish": "10:48:22 AM", "wait": "1:53:07.350127"}, "Consultation 1": {"arrival": "10:48:22 AM", "start": "13:08:55 PM", "finish": "13:23:00 PM", "wait": "2:20:33.253255"}, "Pharmacy": {"arrival": "13:39:04 PM", "start": "13:50:11 PM", "finish": "14:05:13 PM", "wait": "0:11:06.101357"}}, "Patient 22": {"Registration": {"arrival": "08:19:57 AM", "start": "09:08:44 AM", "finish": "09:15:45 AM", "wait": "0:48:47.611958"}, "Consultation 1": {"arrival": "09:15:45 AM", "start": "10:48:36 AM", "finish": "11:02:38 AM", "wait": "1:32:51.437042"}, "Billing": {"arrival": "11:02:38 AM", "start": "11:04:42 AM", "finish": "11:14:44 AM", "wait": "0:02:04.201326"}, "Injection": {"arrival": "11:14:44 AM", "start": "11:14:44 AM", "finish": "11:25:46 AM", "wait": "0:00:00"}}, "Patient 23": {"Registration": {"arrival": "08:49:56 AM", "start": "09:15:45 AM", "finish": "09:22:45 AM", "wait": "0:25:49.385287"}, "Consultation 1": {"arrival": "09:22:45 AM", "start": "11:02:38 AM", "finish": "11:16:42 AM", "wait": "1:39:52.407948"}, "Billing": {"arrival": "11:16:42 AM", "start": "11:24:46 AM", "finish": "11:34:50 AM", "wait": "0:08:03.892212"}, "Injection": {"arrival": "11:34:50 AM", "start": "11:34:50 AM", "finish": "11:45:55 AM", "wait": "0:00:00"}}, "Patient 24": {"Registration": {"arrival": "08:55:56 AM", "start": "09:22:45 AM", "finish": "09:29:49 AM", "wait": "0:26:49.977618"}, "Consultation 1": {"arrival": "09:29:49 AM", "start": "11:16:42 AM", "finish": "11:30:43 AM", "wait": "1:46:52.546522"}, "Billing": {"arrival": "13:15:34 PM", "start": "13:19:00 PM", "finish": "13:29:01 PM", "wait": "0:03:26.150393"}, "Xray": {"arrival": "12:14:55 PM", "start": "12:54:29 PM", "finish": "13:15:34 PM", "wait": "0:39:33.730495"}, "Pharmacy": {"arrival": "13:29:01 PM", "start": "13:35:06 PM", "finish": "13:50:11 PM", "wait": "0:06:05.509877"}}, "Patient 25": {"Registration": {"arrival": "09:02:56 AM", "start": "09:29:49 AM", "finish": "09:36:53 AM", "wait": "0:26:53.733755"}, "Consultation 1": {"arrival": "09:36:53 AM", "start": "11:30:43 AM", "finish": "11:44:43 AM", "wait": "1:53:50.164760"}}, "Patient 26": {"Registration": {"arrival": "09:06:56 AM", "start": "09:36:53 AM", "finish": "09:43:57 AM", "wait": "0:29:57.152127"}, "Consultation 1": {"arrival": "09:43:57 AM", "start": "11:44:43 AM", "finish": "11:58:46 AM", "wait": "2:00:46.125705"}, "Billing": {"arrival": "13:36:35 PM", "start": "13:49:08 PM", "finish": "13:59:10 PM", "wait": "0:12:32.860957"}, "Xray": {"arrival": "12:24:56 PM", "start": "13:15:34 PM", "finish": "13:36:35 PM", "wait": "0:50:37.994956"}, "Pharmacy": {"arrival": "13:59:10 PM", "start": "14:20:14 PM", "finish": "14:35:18 PM", "wait": "0:21:03.411935"}}, "Patient 27": {"Xray": {"arrival": "09:16:56 AM", "start": "10:48:22 AM", "finish": "11:09:22 AM", "wait": "1:31:26.735109"}}, "Patient 28": {"Registration": {"arrival": "09:21:56 AM", "start": "09:43:57 AM", "finish": "09:50:59 AM", "wait": "0:22:01.306839"}, "Consultation 1": {"arrival": "13:57:38 PM", "start": "14:05:09 PM", "finish": "14:19:12 PM", "wait": "0:07:31.131562"}, "Billing": {"arrival": "14:19:12 PM", "start": "14:59:24 PM", "finish": "15:09:24 PM", "wait": "0:40:12.258955"}, "Xray": {"arrival": "12:34:56 PM", "start": "13:36:35 PM", "finish": "13:57:38 PM", "wait": "1:01:39.207191"}, "Pharmacy": {"arrival": "15:09:24 PM", "start": "15:09:24 PM", "finish": "15:24:25 PM", "wait": "0:00:00"}, "Dressing": {"arrival": "15:24:25 PM", "start": "15:24:25 PM", "finish": "15:39:28 PM", "wait": "0:00:00"}}, "Patient 29": {"Registration": {"arrival": "09:45:56 AM", "start": "09:50:59 AM", "finish": "09:58:01 AM", "wait": "0:05:03.156462"}, "Consultation 1": {"arrival": "09:58:01 AM", "start": "12:12:47 PM", "finish": "12:26:47 PM", "wait": "2:14:45.935575"}, "Billing": {"arrival": "12:26:47 PM", "start": "12:34:56 PM", "finish": "12:44:59 PM", "wait": "0:08:08.879493"}, "Pharmacy": {"arrival": "12:44:59 PM", "start": "12:44:59 PM", "finish": "12:59:59 PM", "wait": "0:00:00"}}, "Patient 30": {"Registration": {"arrival": "09:56:56 AM", "start": "09:58:01 AM", "finish": "10:05:04 AM", "wait": "0:01:05.071390"}, "Consultation 1": {"arrival": "14:18:39 PM", "start": "14:19:12 PM", "finish": "14:33:17 PM", "wait": "0:00:33.255647"}, "Billing": {"arrival": "14:33:17 PM", "start": "15:09:24 PM", "finish": "15:19:27 PM", "wait": "0:36:07.813671"}, "Xray": {"arrival": "12:55:02 PM", "start": "13:57:38 PM", "finish": "14:18:39 PM", "wait": "1:02:35.447010"}, "Pharmacy": {"arrival": "15:19:27 PM", "start": "15:24:25 PM", "finish": "15:39:29 PM", "wait": "0:04:57.906405"}, "Dressing": {"arrival": "15:39:29 PM", "start": "15:39:29 PM", "finish": "15:54:33 PM", "wait": "0:00:00"}}, "Patient 31": {"Registration": {"arrival": "10:08:56 AM", "start": "10:08:56 AM", "finish": "10:16:00 AM", "wait": "0:00:00"}, "Consultation 1": {"arrival": "10:16:00 AM", "start": "12:40:50 PM", "finish": "12:54:53 PM", "wait": "2:24:50.045357"}}, "Patient 32": {"Registration": {"arrival": "10:09:56 AM", "start": "10:16:00 AM", "finish": "10:23:03 AM", "wait": "0:06:04.940576"}, "Consultation 2": {"arrival": "11:51:23 AM", "start": "11:51:23 AM", "finish": "12:05:24 PM", "wait": "0:00:00"}, "Billing": {"arrival": "10:37:03 AM", "start": "10:44:38 AM", "finish": "10:54:41 AM", "wait": "0:07:34.526950"}, "Xray": {"arrival": "10:54:41 AM", "start": "11:30:23 AM", "finish": "11:51:23 AM", "wait": "0:35:42.240897"}}, "Patient 33": {"Registration": {"arrival": "10:33:56 AM", "start": "10:33:56 AM", "finish": "10:40:58 AM", "wait": "0:00:00"}, "Consultation 2": {"arrival": "10:40:58 AM", "start": "10:40:58 AM", "finish": "10:54:59 AM", "wait": "0:00:00"}}, "Patient 34": {"Registration": {"arrival": "10:34:56 AM", "start": "10:40:58 AM", "finish": "10:48:02 AM", "wait": "0:06:02.645501"}, "Consultation 2": {"arrival": "10:48:02 AM", "start": "10:54:59 AM", "finish": "11:08:59 AM", "wait": "0:06:56.674296"}, "Billing": {"arrival": "11:08:59 AM", "start": "11:14:44 AM", "finish": "11:24:46 AM", "wait": "0:05:44.607643"}, "Scan": {"arrival": "11:24:46 AM", "start": "11:24:46 AM", "finish": "11:52:50 AM", "wait": "0:00:00"}}, "Patient 35": {"Registration": {"arrival": "10:40:56 AM", "start": "10:48:02 AM", "finish": "10:55:03 AM", "wait": "0:07:06.598907"}, "Consultation 2": {"arrival": "12:54:29 PM", "start": "12:54:29 PM", "finish": "13:08:30 PM", "wait": "0:00:00"}, "Billing": {"arrival": "11:23:03 AM", "start": "11:44:50 AM", "finish": "11:54:52 AM", "wait": "0:21:47.251541"}, "Xray": {"arrival": "11:54:52 AM", "start": "12:33:28 PM", "finish": "12:54:29 PM", "wait": "0:38:36.309222"}}, "Patient 36": {"Registration": {"arrival": "11:07:56 AM", "start": "11:07:56 AM", "finish": "11:14:56 AM", "wait": "0:00:00"}, "Consultation 1": {"arrival": "15:00:45 PM", "start": "15:00:45 PM", "finish": "15:14:49 PM", "wait": "0:00:00"}, "Billing": {"arrival": "15:14:49 PM", "start": "15:29:28 PM", "finish": "15:39:31 PM", "wait": "0:14:38.711156"}, "Xray": {"arrival": "14:09:13 PM", "start": "14:39:42 PM", "finish": "15:00:45 PM", "wait": "0:30:28.776918"}, "Pharmacy": {"arrival": "15:39:31 PM", "start": "15:54:34 PM", "finish": "16:09:38 PM", "wait": "0:15:02.815061"}, "Dressing": {"arrival": "16:09:38 PM", "start": "16:09:38 PM", "finish": "16:24:41 PM", "wait": "0:00:00"}}, "Patient 37": {"Billing": {"arrival": "11:19:56 AM", "start": "11:34:50 AM", "finish": "11:44:50 AM", "wait": "0:14:54.656488"}, "Xray": {"arrival": "11:44:50 AM", "start": "11:51:23 AM", "finish": "12:12:26 PM", "wait": "0:06:32.527691"}}, "Patient 38": {"Billing": {"arrival": "11:27:56 AM", "start": "11:54:52 AM", "finish": "12:04:55 PM", "wait": "0:26:56.550468"}, "Scan": {"arrival": "12:04:55 PM", "start": "12:04:55 PM", "finish": "12:32:59 PM", "wait": "0:00:00"}}, "Patient 39": {"Xray": {"arrival": "11:52:55 AM", "start": "12:12:26 PM", "finish": "12:33:28 PM", "wait": "0:19:31.472783"}}, "Patient 40": {"Registration": {"arrival": "12:25:54 PM", "start": "12:25:54 PM", "finish": "12:32:54 PM", "wait": "0:00:00"}, "Consultation 2": {"arrival": "12:32:54 PM", "start": "12:32:54 PM", "finish": "12:46:56 PM", "wait": "0:00:00"}, "Billing": {"arrival": "12:46:56 PM", "start": "12:55:02 PM", "finish": "13:05:03 PM", "wait": "0:08:06.619470"}, "Pharmacy": {"arrival": "13:05:03 PM", "start": "13:05:03 PM", "finish": "13:20:04 PM", "wait": "0:00:00"}}, "Patient 41": {"Registration": {"arrival": "12:47:53 PM", "start": "12:47:53 PM", "finish": "12:54:54 PM", "wait": "0:00:00"}, "Consultation 1": {"arrival": "12:54:54 PM", "start": "13:51:06 PM", "finish": "14:05:09 PM", "wait": "0:56:11.323721"}, "Billing": {"arrival": "14:05:09 PM", "start": "14:39:21 PM", "finish": "14:49:22 PM", "wait": "0:34:12.505938"}, "Pharmacy": {"arrival": "14:49:22 PM", "start": "14:49:22 PM", "finish": "15:04:25 PM", "wait": "0:00:00"}}, "Patient 42": {"Registration": {"arrival": "13:05:53 PM", "start": "13:05:53 PM", "finish": "13:12:57 PM", "wait": "0:00:00"}, "Consultation 2": {"arrival": "13:12:57 PM", "start": "13:12:57 PM", "finish": "13:27:00 PM", "wait": "0:00:00"}, "Billing": {"arrival": "13:27:00 PM", "start": "13:39:04 PM", "finish": "13:49:08 PM", "wait": "0:12:04.339716"}, "Pharmacy": {"arrival": "13:49:08 PM", "start": "14:05:13 PM", "finish": "14:20:14 PM", "wait": "0:16:04.628425"}}, "Patient 43": {"Registration": {"arrival": "13:27:53 PM", "start": "13:27:53 PM", "finish": "13:34:56 PM", "wait": "0:00:00"}, "Consultation 2": {"arrival": "13:34:56 PM", "start": "13:34:56 PM", "finish": "13:49:00 PM", "wait": "0:00:00"}, "Billing": {"arrival": "13:49:00 PM", "start": "14:19:16 PM", "finish": "14:29:18 PM", "wait": "0:30:16.172270"}, "Injection": {"arrival": "14:29:18 PM", "start": "14:29:18 PM", "finish": "14:40:21 PM", "wait": "0:00:00"}}, "Patient 44": {"Registration": {"arrival": "13:42:52 PM", "start": "13:42:52 PM", "finish": "13:49:54 PM", "wait": "0:00:00"}, "Consultation 2": {"arrival": "13:49:54 PM", "start": "13:49:54 PM", "finish": "14:03:54 PM", "wait": "0:00:00"}, "Billing": {"arrival": "14:03:54 PM", "start": "14:29:18 PM", "finish": "14:39:21 PM", "wait": "0:25:24.220574"}, "Dressing": {"arrival": "14:39:21 PM", "start": "14:39:21 PM", "finish": "14:54:25 PM", "wait": "0:00:00"}}, "Patient 45": {"Billing": {"arrival": "13:42:52 PM", "start": "14:09:13 PM", "finish": "14:19:16 PM", "wait": "0:26:21.927248"}, "Xray": {"arrival": "14:19:16 PM", "start": "15:00:45 PM", "finish": "15:21:47 PM", "wait": "0:41:28.472596"}}, "Patient 46": {"Xray": {"arrival": "13:55:52 PM", "start": "14:18:39 PM", "finish": "14:39:42 PM", "wait": "0:22:47.325675"}}, "Patient 47": {"Billing": {"arrival": "14:07:52 PM", "start": "14:49:22 PM", "finish": "14:59:24 PM", "wait": "0:41:30.572373"}, "Xray": {"arrival": "14:59:24 PM", "start": "16:03:50 PM", "finish": "16:24:52 PM", "wait": "1:04:25.205417"}}, "Patient 48": {"Xray": {"arrival": "14:19:51 PM", "start": "15:21:47 PM", "finish": "15:42:48 PM", "wait": "1:01:56.134282"}}, "Patient 49": {"Xray": {"arrival": "14:27:50 PM", "start": "15:42:48 PM", "finish": "16:03:50 PM", "wait": "1:14:58.557659"}}, "Patient 50": {"Registration": {"arrival": "14:37:50 PM", "start": "14:37:50 PM", "finish": "14:44:52 PM", "wait": "0:00:00"}, "Consultation 2": {"arrival": "14:44:52 PM", "start": "14:44:52 PM", "finish": "14:58:52 PM", "wait": "0:00:00"}, "Billing": {"arrival": "14:58:52 PM", "start": "15:19:27 PM", "finish": "15:29:28 PM", "wait": "0:20:35.288155"}, "Pharmacy": {"arrival": "15:29:28 PM", "start": "15:39:29 PM", "finish": "15:54:34 PM", "wait": "0:10:01.592628"}}, "Patient 51": {"Registration": {"arrival": "14:57:49 PM", "start": "14:57:49 PM", "finish": "15:04:50 PM", "wait": "0:00:00"}, "Consultation 2": {"arrival": "15:04:50 PM", "start": "15:04:50 PM", "finish": "15:18:52 PM", "wait": "0:00:00"}, "Billing": {"arrival": "15:18:52 PM", "start": "15:39:31 PM", "finish": "15:49:36 PM", "wait": "0:20:39.482577"}, "Injection": {"arrival": "15:49:36 PM", "start": "15:49:36 PM", "finish": "16:00:37 PM", "wait": "0:00:00"}}, "Patient 52": {"Registration": {"arrival": "15:05:48 PM", "start": "15:05:48 PM", "finish": "15:12:49 PM", "wait": "0:00:00"}, "Consultation 2": {"arrival": "17:06:57 PM", "start": "17:29:00 PM", "finish": "17:43:01 PM", "wait": "0:22:02.641272"}, "Billing": {"arrival": "17:43:01 PM", "start": "17:48:00 PM", "finish": "17:58:02 PM", "wait": "0:04:59.364942"}, "Xray": {"arrival": "15:59:38 PM", "start": "16:45:56 PM", "finish": "17:06:57 PM", "wait": "0:46:18.313379"}, "Pharmacy": {"arrival": "17:58:02 PM", "start": "17:58:02 PM", "finish": "18:13:06 PM", "wait": "0:00:00"}, "Dressing": {"arrival": "18:13:06 PM", "start": "18:13:06 PM", "finish": "18:28:09 PM", "wait": "0:00:00"}}, "Patient 53": {"Xray": {"arrival": "15:27:48 PM", "start": "16:24:52 PM", "finish": "16:45:56 PM", "wait": "0:57:04.199982"}}, "Patient 54": {"Registration": {"arrival": "15:30:48 PM", "start": "15:30:48 PM", "finish": "15:37:52 PM", "wait": "0:00:00"}, "Consultation 2": {"arrival": "15:37:52 PM", "start": "15:37:52 PM", "finish": "15:51:53 PM", "wait": "0:00:00"}, "Billing": {"arrival": "17:27:58 PM", "start": "17:27:58 PM", "finish": "17:37:59 PM", "wait": "0:00:00"}, "Xray": {"arrival": "16:09:42 PM", "start": "17:06:57 PM", "finish": "17:27:58 PM", "wait": "0:57:14.835524"}, "Pharmacy": {"arrival": "17:37:59 PM", "start": "17:40:00 PM", "finish": "17:55:01 PM", "wait": "0:02:00.865668"}, "Dressing": {"arrival": "17:55:01 PM", "start": "17:55:01 PM", "finish": "18:10:02 PM", "wait": "0:00:00"}}, "Patient 55": {"Registration": {"arrival": "15:47:47 PM", "start": "15:47:47 PM", "finish": "15:54:47 PM", "wait": "0:00:00"}, "Consultation 2": {"arrival": "15:54:47 PM", "start": "15:54:47 PM", "finish": "16:08:51 PM", "wait": "0:00:00"}, "Billing": {"arrival": "16:08:51 PM", "start": "16:09:42 PM", "finish": "16:19:42 PM", "wait": "0:00:51.354846"}, "Xray": {"arrival": "16:19:42 PM", "start": "17:27:58 PM", "finish": "17:48:59 PM", "wait": "1:08:15.959943"}}, "Patient 56": {"Registration": {"arrival": "15:57:47 PM", "start": "15:57:47 PM", "finish": "16:04:48 PM", "wait": "0:00:00"}, "Consultation 2": {"arrival": "16:04:48 PM", "start": "16:08:51 PM", "finish": "16:22:55 PM", "wait": "0:04:03.415114"}, "Billing": {"arrival": "16:22:55 PM", "start": "16:29:47 PM", "finish": "16:39:49 PM", "wait": "0:06:51.471081"}, "Pharmacy": {"arrival": "17:09:53 PM", "start": "17:09:53 PM", "finish": "17:24:58 PM", "wait": "0:00:00"}, "Dressing": {"arrival": "16:54:51 PM", "start": "16:54:51 PM", "finish": "17:09:53 PM", "wait": "0:00:00"}}, "Patient 57": {"Billing": {"arrival": "18:10:04 PM", "start": "18:10:04 PM", "finish": "18:20:06 PM", "wait": "0:00:00"}, "Xray": {"arrival": "16:29:47 PM", "start": "17:48:59 PM", "finish": "18:10:04 PM", "wait": "1:19:12.560466"}, "Pharmacy": {"arrival": "18:20:06 PM", "start": "18:28:07 PM", "finish": "18:43:12 PM", "wait": "0:08:01.219068"}, "Dressing": {"arrival": "18:43:12 PM", "start": "18:43:12 PM", "finish": "18:58:12 PM", "wait": "0:00:00"}}, "Patient 58": {"Registration": {"arrival": "16:25:47 PM", "start": "16:25:47 PM", "finish": "16:32:49 PM", "wait": "0:00:00"}, "Consultation 2": {"arrival": "16:32:49 PM", "start": "16:32:49 PM", "finish": "16:46:50 PM", "wait": "0:00:00"}, "Billing": {"arrival": "16:46:50 PM", "start": "16:46:50 PM", "finish": "16:56:52 PM", "wait": "0:00:00"}, "Injection": {"arrival": "16:56:52 PM", "start": "16:56:52 PM", "finish": "17:07:52 PM", "wait": "0:00:00"}}, "Patient 59": {"Registration": {"arrival": "16:27:46 PM", "start": "16:32:49 PM", "finish": "16:39:53 PM", "wait": "0:05:03.503460"}, "Consultation 2": {"arrival": "16:39:53 PM", "start": "16:46:50 PM", "finish": "17:00:53 PM", "wait": "0:06:56.256979"}, "Billing": {"arrival": "17:00:53 PM", "start": "17:00:53 PM", "finish": "17:10:55 PM", "wait": "0:00:00"}, "Dressing": {"arrival": "17:10:55 PM", "start": "17:10:55 PM", "finish": "17:25:55 PM", "wait": "0:00:00"}}, "Patient 60": {"Registration": {"arrival": "16:27:46 PM", "start": "16:39:53 PM", "finish": "16:46:56 PM", "wait": "0:12:07.773896"}, "Consultation 2": {"arrival": "16:46:56 PM", "start": "17:00:53 PM", "finish": "17:14:56 PM", "wait": "0:13:57.080969"}, "Billing": {"arrival": "17:14:56 PM", "start": "17:14:56 PM", "finish": "17:24:57 PM", "wait": "0:00:00"}, "Pharmacy": {"arrival": "17:24:57 PM", "start": "17:24:58 PM", "finish": "17:40:00 PM", "wait": "0:00:01.001128"}}, "Patient 61": {"Registration": {"arrival": "16:59:45 PM", "start": "16:59:45 PM", "finish": "17:06:47 PM", "wait": "0:00:00"}, "Consultation 2": {"arrival": "17:06:47 PM", "start": "17:14:56 PM", "finish": "17:29:00 PM", "wait": "0:08:08.548181"}, "Billing": {"arrival": "17:29:00 PM", "start": "17:37:59 PM", "finish": "17:48:00 PM", "wait": "0:08:58.997988"}, "Injection": {"arrival": "17:48:00 PM", "start": "17:48:00 PM", "finish": "17:59:01 PM", "wait": "0:00:00"}}, "Patient 62": {"Registration": {"arrival": "17:07:45 PM", "start": "17:07:45 PM", "finish": "17:14:49 PM", "wait": "0:00:00"}, "Consultation 2": {"arrival": "17:14:49 PM", "start": "17:43:01 PM", "finish": "17:57:04 PM", "wait": "0:28:11.771653"}, "Billing": {"arrival": "17:57:04 PM", "start": "17:58:02 PM", "finish": "18:08:02 PM", "wait": "0:00:58.452101"}, "Pharmacy": {"arrival": "18:08:02 PM", "start": "18:13:06 PM", "finish": "18:28:07 PM", "wait": "0:05:03.579495"}}, "Patient 63": {"Xray": {"arrival": "17:27:45 PM", "start": "18:10:04 PM", "finish": "18:31:06 PM", "wait": "0:42:19.437265"}}, "Patient 64": {"Registration": {"arrival": "17:27:45 PM", "start": "17:27:45 PM", "finish": "17:34:45 PM", "wait": "0:00:00"}, "Consultation 2": {"arrival": "17:34:45 PM", "start": "17:57:04 PM", "finish": "18:11:04 PM", "wait": "0:22:18.192785"}, "Billing": {"arrival": "18:11:04 PM", "start": "18:20:06 PM", "finish": "18:30:09 PM", "wait": "0:09:01.946558"}, "Pharmacy": {"arrival": "18:30:09 PM", "start": "18:43:12 PM", "finish": "18:58:12 PM", "wait": "0:13:02.340599"}}, "Patient 65": {"Registration": {"arrival": "17:37:45 PM", "start": "17:37:45 PM", "finish": "17:44:47 PM", "wait": "0:00:00"}, "Consultation 2": {"arrival": "17:44:47 PM", "start": "18:11:04 PM", "finish": "18:25:05 PM", "wait": "0:26:16.632751"}, "Billing": {"arrival": "18:25:05 PM", "start": "18:30:09 PM", "finish": "18:40:10 PM", "wait": "0:05:04.418337"}, "Pharmacy": {"arrival": "18:40:10 PM", "start": "18:58:12 PM", "finish": "19:13:14 PM", "wait": "0:18:02.355846"}}, "Patient 66": {"Registration": {"arrival": "17:37:45 PM", "start": "17:44:47 PM", "finish": "17:51:50 PM", "wait": "0:07:02.730000"}, "Consultation 2": {"arrival": "17:51:50 PM", "start": "18:25:05 PM", "finish": "18:39:07 PM", "wait": "0:33:15.221181"}, "Billing": {"arrival": "18:39:07 PM", "start": "18:40:10 PM", "finish": "18:50:11 PM", "wait": "0:01:02.432880"}}}