{"Patient 0": {"Registration": {"arrival": "07:30:00 AM", "start": "07:30:00 AM", "finish": "07:37:01 AM", "wait": "0:00:00"}, "Consultation 1": {"arrival": "07:37:01 AM", "start": "08:00:01 AM", "finish": "08:14:06 AM", "wait": "0:23:00"}}, "Patient 1": {"Billing": {"arrival": "07:30:00 AM", "start": "07:30:00 AM", "finish": "07:40:04 AM", "wait": "0:00:00"}, "Xray": {"arrival": "07:40:04 AM", "start": "08:21:02 AM", "finish": "08:42:05 AM", "wait": "0:40:58.034032"}}, "Patient 2": {"Registration": {"arrival": "07:30:00 AM", "start": "07:37:01 AM", "finish": "07:44:03 AM", "wait": "0:07:01.787395"}, "Consultation 1": {"arrival": "07:44:03 AM", "start": "08:14:06 AM", "finish": "08:28:07 AM", "wait": "0:30:02.560611"}, "Billing": {"arrival": "08:28:07 AM", "start": "08:30:15 AM", "finish": "08:40:15 AM", "wait": "0:02:08.084029"}, "Pharmacy": {"arrival": "08:40:15 AM", "start": "08:40:15 AM", "finish": "08:55:15 AM", "wait": "0:00:00"}}, "Patient 3": {"Xray": {"arrival": "07:31:00 AM", "start": "08:00:00 AM", "finish": "08:21:02 AM", "wait": "0:29:00"}}, "Patient 4": {"Registration": {"arrival": "07:31:00 AM", "start": "07:44:03 AM", "finish": "07:51:05 AM", "wait": "0:13:03.485135"}, "Consultation 1": {"arrival": "07:51:05 AM", "start": "08:28:07 AM", "finish": "08:42:10 AM", "wait": "0:37:01.287001"}, "Billing": {"arrival": "08:42:10 AM", "start": "08:42:10 AM", "finish": "08:52:12 AM", "wait": "0:00:00"}, "Pharmacy": {"arrival": "08:52:12 AM", "start": "08:55:15 AM", "finish": "09:10:20 AM", "wait": "0:03:03.516575"}, "Dressing": {"arrival": "09:10:20 AM", "start": "09:10:20 AM", "finish": "09:25:25 AM", "wait": "0:00:00"}}, "Patient 5": {"Registration": {"arrival": "07:31:00 AM", "start": "07:51:05 AM", "finish": "07:58:08 AM", "wait": "0:20:05.797521"}}, "Patient 6": {"Registration": {"arrival": "07:32:00 AM", "start": "07:58:08 AM", "finish": "08:05:11 AM", "wait": "0:26:08.168821"}, "Consultation 1": {"arrival": "08:05:11 AM", "start": "08:42:10 AM", "finish": "08:56:11 AM", "wait": "0:36:59.406434"}, "Billing": {"arrival": "08:56:11 AM", "start": "08:56:11 AM", "finish": "09:06:11 AM", "wait": "0:00:00"}, "Pharmacy": {"arrival": "09:06:11 AM", "start": "09:10:20 AM", "finish": "09:25:25 AM", "wait": "0:04:08.575854"}}, "Patient 7": {"Registration": {"arrival": "07:33:00 AM", "start": "08:05:11 AM", "finish": "08:12:13 AM", "wait": "0:32:11.360509"}, "Consultation 1": {"arrival": "08:12:13 AM", "start": "08:56:11 AM", "finish": "09:10:12 AM", "wait": "0:43:57.591679"}, "Billing": {"arrival": "09:10:12 AM", "start": "09:10:12 AM", "finish": "09:20:17 AM", "wait": "0:00:00"}, "Pharmacy": {"arrival": "09:20:17 AM", "start": "09:25:25 AM", "finish": "09:40:28 AM", "wait": "0:05:07.810745"}}, "Patient 8": {"Billing": {"arrival": "07:36:59 AM", "start": "07:40:04 AM", "finish": "07:50:06 AM", "wait": "0:03:05.689279"}, "Scan": {"arrival": "07:50:06 AM", "start": "08:00:06 AM", "finish": "08:28:10 AM", "wait": "0:10:00"}}, "Patient 9": {"Billing": {"arrival": "07:37:59 AM", "start": "07:50:06 AM", "finish": "08:00:07 AM", "wait": "0:12:07.661107"}, "Scan": {"arrival": "08:00:07 AM", "start": "08:28:10 AM", "finish": "08:56:14 AM", "wait": "0:28:02.916548"}}, "Patient 10": {"Registration": {"arrival": "07:39:59 AM", "start": "08:12:13 AM", "finish": "08:19:14 AM", "wait": "0:32:14.754231"}, "Consultation 1": {"arrival": "10:48:22 AM", "start": "12:54:48 PM", "finish": "13:08:51 PM", "wait": "2:06:26.083439"}, "Billing": {"arrival": "13:08:51 PM", "start": "13:27:04 PM", "finish": "13:37:07 PM", "wait": "0:18:13.068773"}, "Xray": {"arrival": "09:34:18 AM", "start": "10:27:17 AM", "finish": "10:48:22 AM", "wait": "0:52:59.610665"}, "Pharmacy": {"arrival": "13:37:07 PM", "start": "13:51:58 PM", "finish": "14:07:02 PM", "wait": "0:14:51.010056"}, "Dressing": {"arrival": "14:07:02 PM", "start": "14:07:02 PM", "finish": "14:22:06 PM", "wait": "0:00:00"}}, "Patient 11": {"Registration": {"arrival": "07:42:59 AM", "start": "08:19:14 AM", "finish": "08:26:16 AM", "wait": "0:36:15.256194"}, "Consultation 1": {"arrival": "08:26:16 AM", "start": "09:24:14 AM", "finish": "09:38:17 AM", "wait": "0:57:57.793881"}, "Billing": {"arrival": "10:16:23 AM", "start": "10:26:24 AM", "finish": "10:36:24 AM", "wait": "0:10:01.011871"}, "Scan": {"arrival": "09:48:21 AM", "start": "09:48:21 AM", "finish": "10:16:23 AM", "wait": "0:00:00"}, "Pharmacy": {"arrival": "10:36:24 AM", "start": "10:36:24 AM", "finish": "10:51:29 AM", "wait": "0:00:00"}}, "Patient 12": {"Xray": {"arrival": "07:42:59 AM", "start": "08:42:05 AM", "finish": "09:03:10 AM", "wait": "0:59:06.915424"}}, "Patient 13": {"Registration": {"arrival": "07:42:59 AM", "start": "08:26:16 AM", "finish": "08:33:20 AM", "wait": "0:43:17.851065"}, "Consultation 1": {"arrival": "08:33:20 AM", "start": "09:38:17 AM", "finish": "09:52:17 AM", "wait": "1:04:56.765531"}}, "Patient 14": {"Billing": {"arrival": "07:47:58 AM", "start": "08:00:07 AM", "finish": "08:10:10 AM", "wait": "0:12:09.998777"}, "Xray": {"arrival": "08:10:10 AM", "start": "09:24:13 AM", "finish": "09:45:13 AM", "wait": "1:14:02.583921"}}, "Patient 15": {"Billing": {"arrival": "07:47:58 AM", "start": "08:10:10 AM", "finish": "08:20:11 AM", "wait": "0:22:12.662706"}, "Xray": {"arrival": "08:20:11 AM", "start": "09:45:13 AM", "finish": "10:06:14 AM", "wait": "1:25:02.565034"}}, "Patient 16": {"Registration": {"arrival": "07:48:58 AM", "start": "08:33:20 AM", "finish": "08:40:25 AM", "wait": "0:44:22.521924"}, "Consultation 1": {"arrival": "08:40:25 AM", "start": "09:52:17 AM", "finish": "10:06:21 AM", "wait": "1:11:52.834740"}, "Billing": {"arrival": "11:09:26 AM", "start": "11:26:34 AM", "finish": "11:36:35 AM", "wait": "0:17:07.837003"}, "Xray": {"arrival": "10:16:21 AM", "start": "10:48:22 AM", "finish": "11:09:26 AM", "wait": "0:32:00.697751"}, "Pharmacy": {"arrival": "11:36:35 AM", "start": "11:41:37 AM", "finish": "11:56:39 AM", "wait": "0:05:02.878737"}}, "Patient 17": {"Registration": {"arrival": "07:55:57 AM", "start": "08:40:25 AM", "finish": "08:47:25 AM", "wait": "0:44:28.057101"}, "Consultation 1": {"arrival": "08:47:25 AM", "start": "10:06:21 AM", "finish": "10:20:23 AM", "wait": "1:18:55.313991"}, "Billing": {"arrival": "11:22:27 AM", "start": "11:56:37 AM", "finish": "12:06:41 PM", "wait": "0:34:10.333017"}, "Scan": {"arrival": "10:46:25 AM", "start": "10:54:25 AM", "finish": "11:22:27 AM", "wait": "0:08:00.090718"}, "Pharmacy": {"arrival": "12:06:41 PM", "start": "12:06:41 PM", "finish": "12:21:42 PM", "wait": "0:00:00"}}, "Patient 18": {"Registration": {"arrival": "08:01:57 AM", "start": "08:47:25 AM", "finish": "08:54:30 AM", "wait": "0:45:28.800546"}, "Consultation 1": {"arrival": "08:54:30 AM", "start": "10:20:23 AM", "finish": "10:34:28 AM", "wait": "1:25:53.439668"}, "Billing": {"arrival": "10:34:28 AM", "start": "10:46:25 AM", "finish": "10:56:29 AM", "wait": "0:11:57.387706"}, "Xray": {"arrival": "10:56:29 AM", "start": "11:30:28 AM", "finish": "11:51:32 AM", "wait": "0:33:59.057747"}}, "Patient 19": {"Xray": {"arrival": "08:04:57 AM", "start": "09:03:10 AM", "finish": "09:24:13 AM", "wait": "0:58:13.886431"}}, "Patient 20": {"Billing": {"arrival": "08:07:57 AM", "start": "08:20:11 AM", "finish": "08:30:15 AM", "wait": "0:12:14.231336"}, "Scan": {"arrival": "08:30:15 AM", "start": "08:56:14 AM", "finish": "09:24:15 AM", "wait": "0:25:59.018526"}}, "Patient 21": {"Registration": {"arrival": "08:16:57 AM", "start": "08:54:30 AM", "finish": "09:01:33 AM", "wait": "0:37:33.139493"}, "Consultation 1": {"arrival": "09:01:33 AM", "start": "10:34:28 AM", "finish": "10:48:28 AM", "wait": "1:32:54.750478"}, "Billing": {"arrival": "10:48:28 AM", "start": "11:16:34 AM", "finish": "11:26:34 AM", "wait": "0:28:06.223208"}, "Pharmacy": {"arrival": "11:26:34 AM", "start": "11:26:34 AM", "finish": "11:41:37 AM", "wait": "0:00:00"}}, "Patient 22": {"Registration": {"arrival": "08:19:57 AM", "start": "09:01:33 AM", "finish": "09:08:37 AM", "wait": "0:41:36.587706"}, "Consultation 1": {"arrival": "09:08:37 AM", "start": "10:48:28 AM", "finish": "11:02:32 AM", "wait": "1:39:50.722556"}}, "Patient 23": {"Xray": {"arrival": "08:49:56 AM", "start": "10:06:14 AM", "finish": "10:27:17 AM", "wait": "1:16:18.256887"}}, "Patient 24": {"Registration": {"arrival": "08:55:56 AM", "start": "09:08:37 AM", "finish": "09:15:38 AM", "wait": "0:12:41.707400"}, "Consultation 1": {"arrival": "12:33:34 PM", "start": "13:50:57 PM", "finish": "14:05:02 PM", "wait": "1:17:23.554695"}, "Billing": {"arrival": "14:05:02 PM", "start": "14:17:18 PM", "finish": "14:27:21 PM", "wait": "0:12:16.117469"}, "Xray": {"arrival": "11:46:36 AM", "start": "12:12:33 PM", "finish": "12:33:34 PM", "wait": "0:25:56.217025"}, "Pharmacy": {"arrival": "14:27:21 PM", "start": "14:37:06 PM", "finish": "14:52:10 PM", "wait": "0:09:45.135081"}}, "Patient 25": {"Registration": {"arrival": "09:02:56 AM", "start": "09:15:38 AM", "finish": "09:22:43 AM", "wait": "0:12:42.178266"}, "Consultation 1": {"arrival": "09:22:43 AM", "start": "11:16:33 AM", "finish": "11:30:36 AM", "wait": "1:53:50.012625"}, "Billing": {"arrival": "11:30:36 AM", "start": "12:06:41 PM", "finish": "12:16:46 PM", "wait": "0:36:05.137529"}, "Pharmacy": {"arrival": "12:16:46 PM", "start": "12:21:42 PM", "finish": "12:36:42 PM", "wait": "0:04:55.883487"}}, "Patient 26": {"Registration": {"arrival": "09:06:56 AM", "start": "09:22:43 AM", "finish": "09:29:43 AM", "wait": "0:15:47.120158"}, "Consultation 1": {"arrival": "09:29:43 AM", "start": "11:30:36 AM", "finish": "11:44:39 AM", "wait": "2:00:52.889702"}, "Billing": {"arrival": "11:44:39 AM", "start": "12:16:46 PM", "finish": "12:26:47 PM", "wait": "0:32:06.777275"}, "Pharmacy": {"arrival": "12:26:47 PM", "start": "12:36:42 PM", "finish": "12:51:45 PM", "wait": "0:09:54.819030"}}, "Patient 27": {"Registration": {"arrival": "09:16:56 AM", "start": "09:29:43 AM", "finish": "09:36:47 AM", "wait": "0:12:47.658425"}, "Consultation 1": {"arrival": "13:15:36 PM", "start": "14:05:02 PM", "finish": "14:19:05 PM", "wait": "0:49:26.087992"}, "Billing": {"arrival": "14:19:05 PM", "start": "14:37:23 PM", "finish": "14:47:24 PM", "wait": "0:18:17.749454"}, "Xray": {"arrival": "12:36:47 PM", "start": "12:54:36 PM", "finish": "13:15:36 PM", "wait": "0:17:48.589967"}, "Pharmacy": {"arrival": "14:47:24 PM", "start": "14:52:10 PM", "finish": "15:07:13 PM", "wait": "0:04:45.509952"}, "Dressing": {"arrival": "15:07:13 PM", "start": "15:07:13 PM", "finish": "15:22:14 PM", "wait": "0:00:00"}}, "Patient 28": {"Registration": {"arrival": "09:21:56 AM", "start": "09:36:47 AM", "finish": "09:43:51 AM", "wait": "0:14:51.043271"}, "Consultation 1": {"arrival": "09:43:51 AM", "start": "11:58:41 AM", "finish": "12:12:42 PM", "wait": "2:14:49.810390"}, "Billing": {"arrival": "12:12:42 PM", "start": "12:46:51 PM", "finish": "12:56:52 PM", "wait": "0:34:09.341999"}, "Pharmacy": {"arrival": "12:56:52 PM", "start": "13:06:46 PM", "finish": "13:21:50 PM", "wait": "0:09:54.378018"}}, "Patient 29": {"Registration": {"arrival": "09:45:56 AM", "start": "09:45:56 AM", "finish": "09:52:59 AM", "wait": "0:00:00"}, "Consultation 1": {"arrival": "09:52:59 AM", "start": "12:12:42 PM", "finish": "12:26:42 PM", "wait": "2:19:43.096278"}, "Billing": {"arrival": "12:26:42 PM", "start": "12:56:52 PM", "finish": "13:06:56 PM", "wait": "0:30:09.812645"}, "Pharmacy": {"arrival": "13:06:56 PM", "start": "13:21:50 PM", "finish": "13:36:54 PM", "wait": "0:14:54.564634"}}, "Patient 30": {"Registration": {"arrival": "09:56:56 AM", "start": "09:56:56 AM", "finish": "10:03:57 AM", "wait": "0:00:00"}, "Consultation 1": {"arrival": "10:03:57 AM", "start": "12:26:42 PM", "finish": "12:40:46 PM", "wait": "2:22:44.711337"}, "Billing": {"arrival": "12:40:46 PM", "start": "13:06:56 PM", "finish": "13:17:00 PM", "wait": "0:26:10.213672"}, "Injection": {"arrival": "13:17:00 PM", "start": "13:17:00 PM", "finish": "13:28:00 PM", "wait": "0:00:00"}}, "Patient 31": {"Billing": {"arrival": "10:08:56 AM", "start": "10:16:21 AM", "finish": "10:26:24 AM", "wait": "0:07:25.914684"}, "Scan": {"arrival": "10:26:24 AM", "start": "10:26:24 AM", "finish": "10:54:25 AM", "wait": "0:00:00"}}, "Patient 32": {"Registration": {"arrival": "10:09:56 AM", "start": "10:09:56 AM", "finish": "10:16:58 AM", "wait": "0:00:00"}, "Consultation 1": {"arrival": "10:16:58 AM", "start": "12:40:46 PM", "finish": "12:54:48 PM", "wait": "2:23:47.450152"}, "Billing": {"arrival": "12:54:48 PM", "start": "13:17:00 PM", "finish": "13:27:04 PM", "wait": "0:22:11.832052"}, "Pharmacy": {"arrival": "13:27:04 PM", "start": "13:36:54 PM", "finish": "13:51:58 PM", "wait": "0:09:50.143195"}, "Dressing": {"arrival": "13:51:58 PM", "start": "13:51:58 PM", "finish": "14:07:01 PM", "wait": "0:00:00"}}, "Patient 33": {"Xray": {"arrival": "10:33:56 AM", "start": "11:09:26 AM", "finish": "11:30:28 AM", "wait": "0:35:30.844328"}}, "Patient 34": {"Billing": {"arrival": "12:12:33 PM", "start": "12:36:47 PM", "finish": "12:46:51 PM", "wait": "0:24:14.707656"}, "Xray": {"arrival": "11:06:30 AM", "start": "11:51:32 AM", "finish": "12:12:33 PM", "wait": "0:45:02.690643"}, "Pharmacy": {"arrival": "12:46:51 PM", "start": "12:51:45 PM", "finish": "13:06:46 PM", "wait": "0:04:53.188914"}, "Dressing": {"arrival": "13:06:46 PM", "start": "13:06:46 PM", "finish": "13:21:50 PM", "wait": "0:00:00"}}, "Patient 35": {"Billing": {"arrival": "10:40:56 AM", "start": "11:06:30 AM", "finish": "11:16:34 AM", "wait": "0:25:34.116840"}, "Scan": {"arrival": "11:16:34 AM", "start": "11:22:27 AM", "finish": "11:50:30 AM", "wait": "0:05:52.659544"}}, "Patient 36": {"Registration": {"arrival": "11:07:56 AM", "start": "11:07:56 AM", "finish": "11:15:00 AM", "wait": "0:00:00"}}, "Patient 37": {"Billing": {"arrival": "11:19:56 AM", "start": "11:46:36 AM", "finish": "11:56:37 AM", "wait": "0:26:40.966619"}, "Xray": {"arrival": "11:56:37 AM", "start": "12:33:34 PM", "finish": "12:54:36 PM", "wait": "0:36:56.702797"}}, "Patient 38": {"Registration": {"arrival": "11:27:56 AM", "start": "11:27:56 AM", "finish": "11:34:56 AM", "wait": "0:00:00"}, "Consultation 1": {"arrival": "11:34:56 AM", "start": "13:08:51 PM", "finish": "13:22:54 PM", "wait": "1:33:54.442808"}}, "Patient 39": {"Registration": {"arrival": "11:52:55 AM", "start": "11:52:55 AM", "finish": "11:59:56 AM", "wait": "0:00:00"}, "Consultation 1": {"arrival": "11:59:56 AM", "start": "13:22:54 PM", "finish": "13:36:57 PM", "wait": "1:22:58.152740"}, "Billing": {"arrival": "13:36:57 PM", "start": "13:37:07 PM", "finish": "13:47:08 PM", "wait": "0:00:09.658709"}, "Pharmacy": {"arrival": "13:47:08 PM", "start": "14:07:02 PM", "finish": "14:22:05 PM", "wait": "0:19:54.732323"}}, "Patient 40": {"Registration": {"arrival": "12:25:54 PM", "start": "12:25:54 PM", "finish": "12:32:57 PM", "wait": "0:00:00"}, "Consultation 1": {"arrival": "12:32:57 PM", "start": "13:36:57 PM", "finish": "13:50:57 PM", "wait": "1:03:59.703534"}, "Billing": {"arrival": "13:50:57 PM", "start": "13:57:12 PM", "finish": "14:07:15 PM", "wait": "0:06:14.527870"}, "Pharmacy": {"arrival": "14:07:15 PM", "start": "14:22:05 PM", "finish": "14:37:06 PM", "wait": "0:14:49.872835"}}, "Patient 41": {"Registration": {"arrival": "12:47:53 PM", "start": "12:47:53 PM", "finish": "12:54:56 PM", "wait": "0:00:00"}, "Consultation 2": {"arrival": "12:54:56 PM", "start": "12:54:56 PM", "finish": "13:08:58 PM", "wait": "0:00:00"}}, "Patient 42": {"Registration": {"arrival": "13:05:53 PM", "start": "13:05:53 PM", "finish": "13:12:55 PM", "wait": "0:00:00"}, "Consultation 2": {"arrival": "13:12:55 PM", "start": "13:12:55 PM", "finish": "13:26:59 PM", "wait": "0:00:00"}}, "Patient 43": {"Xray": {"arrival": "13:27:53 PM", "start": "13:27:53 PM", "finish": "13:48:54 PM", "wait": "0:00:00"}}, "Patient 44": {"Registration": {"arrival": "13:42:52 PM", "start": "13:42:52 PM", "finish": "13:49:55 PM", "wait": "0:00:00"}, "Consultation 2": {"arrival": "13:49:55 PM", "start": "13:49:55 PM", "finish": "14:03:56 PM", "wait": "0:00:00"}, "Billing": {"arrival": "14:03:56 PM", "start": "14:07:15 PM", "finish": "14:17:18 PM", "wait": "0:03:19.183271"}, "Dressing": {"arrival": "14:17:18 PM", "start": "14:22:06 PM", "finish": "14:37:09 PM", "wait": "0:04:47.680850"}}, "Patient 45": {"Billing": {"arrival": "13:42:52 PM", "start": "13:47:08 PM", "finish": "13:57:12 PM", "wait": "0:04:16.129073"}, "Xray": {"arrival": "13:57:12 PM", "start": "13:57:12 PM", "finish": "14:18:13 PM", "wait": "0:00:00"}}, "Patient 46": {"Registration": {"arrival": "13:55:52 PM", "start": "13:55:52 PM", "finish": "14:02:54 PM", "wait": "0:00:00"}, "Consultation 2": {"arrival": "14:58:26 PM", "start": "15:02:56 PM", "finish": "15:16:59 PM", "wait": "0:04:29.366990"}, "Billing": {"arrival": "15:16:59 PM", "start": "15:16:59 PM", "finish": "15:26:59 PM", "wait": "0:00:00"}, "Xray": {"arrival": "14:37:23 PM", "start": "14:37:23 PM", "finish": "14:58:26 PM", "wait": "0:00:00"}, "Pharmacy": {"arrival": "15:26:59 PM", "start": "15:37:18 PM", "finish": "15:52:18 PM", "wait": "0:10:18.301368"}, "Dressing": {"arrival": "15:52:18 PM", "start": "15:52:18 PM", "finish": "16:07:20 PM", "wait": "0:00:00"}}, "Patient 47": {"Registration": {"arrival": "14:07:52 PM", "start": "14:07:52 PM", "finish": "14:14:53 PM", "wait": "0:00:00"}, "Consultation 2": {"arrival": "14:14:53 PM", "start": "14:18:00 PM", "finish": "14:32:03 PM", "wait": "0:03:06.619736"}, "Billing": {"arrival": "14:32:03 PM", "start": "14:47:24 PM", "finish": "14:57:28 PM", "wait": "0:15:21.650661"}, "Pharmacy": {"arrival": "14:57:28 PM", "start": "15:07:13 PM", "finish": "15:22:15 PM", "wait": "0:09:44.895237"}}, "Patient 48": {"Registration": {"arrival": "14:19:51 PM", "start": "14:19:51 PM", "finish": "14:26:54 PM", "wait": "0:00:00"}}, "Patient 49": {"Registration": {"arrival": "14:27:50 PM", "start": "14:27:50 PM", "finish": "14:34:50 PM", "wait": "0:00:00"}, "Consultation 2": {"arrival": "14:34:50 PM", "start": "14:34:50 PM", "finish": "14:48:51 PM", "wait": "0:00:00"}}, "Patient 50": {"Registration": {"arrival": "14:37:50 PM", "start": "14:37:50 PM", "finish": "14:44:54 PM", "wait": "0:00:00"}, "Consultation 2": {"arrival": "14:44:54 PM", "start": "14:48:51 PM", "finish": "15:02:56 PM", "wait": "0:03:57.542991"}, "Billing": {"arrival": "15:02:56 PM", "start": "15:02:56 PM", "finish": "15:12:57 PM", "wait": "0:00:00"}, "Pharmacy": {"arrival": "15:12:57 PM", "start": "15:22:15 PM", "finish": "15:37:18 PM", "wait": "0:09:17.727946"}}, "Patient 51": {"Registration": {"arrival": "14:57:49 PM", "start": "14:57:49 PM", "finish": "15:04:53 PM", "wait": "0:00:00"}, "Consultation 2": {"arrival": "15:04:53 PM", "start": "15:16:59 PM", "finish": "15:31:02 PM", "wait": "0:12:06.070555"}, "Billing": {"arrival": "15:31:02 PM", "start": "15:31:02 PM", "finish": "15:41:06 PM", "wait": "0:00:00"}, "Injection": {"arrival": "15:41:06 PM", "start": "15:41:06 PM", "finish": "15:52:07 PM", "wait": "0:00:00"}}, "Patient 52": {"Registration": {"arrival": "15:05:48 PM", "start": "15:05:48 PM", "finish": "15:12:51 PM", "wait": "0:00:00"}, "Consultation 2": {"arrival": "15:12:51 PM", "start": "15:31:02 PM", "finish": "15:45:04 PM", "wait": "0:18:10.509465"}, "Billing": {"arrival": "15:45:04 PM", "start": "15:45:04 PM", "finish": "15:55:06 PM", "wait": "0:00:00"}, "Scan": {"arrival": "15:55:06 PM", "start": "15:55:06 PM", "finish": "16:23:09 PM", "wait": "0:00:00"}}, "Patient 53": {"Registration": {"arrival": "15:27:48 PM", "start": "15:27:48 PM", "finish": "15:34:52 PM", "wait": "0:00:00"}, "Consultation 2": {"arrival": "15:34:52 PM", "start": "15:45:04 PM", "finish": "15:59:09 PM", "wait": "0:10:11.543993"}, "Billing": {"arrival": "15:59:09 PM", "start": "15:59:09 PM", "finish": "16:09:13 PM", "wait": "0:00:00"}, "Xray": {"arrival": "16:09:13 PM", "start": "16:12:50 PM", "finish": "16:33:51 PM", "wait": "0:03:36.414692"}}, "Patient 54": {"Xray": {"arrival": "15:30:48 PM", "start": "15:30:48 PM", "finish": "15:51:48 PM", "wait": "0:00:00"}}, "Patient 55": {"Xray": {"arrival": "15:47:47 PM", "start": "15:51:48 PM", "finish": "16:12:50 PM", "wait": "0:04:01.165148"}}, "Patient 56": {"Registration": {"arrival": "15:57:47 PM", "start": "15:57:47 PM", "finish": "16:04:51 PM", "wait": "0:00:00"}, "Consultation 2": {"arrival": "16:04:51 PM", "start": "16:04:51 PM", "finish": "16:18:54 PM", "wait": "0:00:00"}, "Billing": {"arrival": "16:18:54 PM", "start": "16:18:54 PM", "finish": "16:28:55 PM", "wait": "0:00:00"}, "Pharmacy": {"arrival": "16:28:55 PM", "start": "16:28:55 PM", "finish": "16:43:57 PM", "wait": "0:00:00"}}, "Patient 57": {"Registration": {"arrival": "16:14:47 PM", "start": "16:14:47 PM", "finish": "16:21:47 PM", "wait": "0:00:00"}, "Consultation 2": {"arrival": "16:21:47 PM", "start": "16:21:47 PM", "finish": "16:35:51 PM", "wait": "0:00:00"}, "Billing": {"arrival": "16:35:51 PM", "start": "16:35:51 PM", "finish": "16:45:52 PM", "wait": "0:00:00"}, "Xray": {"arrival": "16:45:52 PM", "start": "16:54:54 PM", "finish": "17:15:56 PM", "wait": "0:09:02.313547"}}, "Patient 58": {"Xray": {"arrival": "16:25:47 PM", "start": "16:33:51 PM", "finish": "16:54:54 PM", "wait": "0:08:04.274720"}}, "Patient 59": {"Registration": {"arrival": "16:27:46 PM", "start": "16:27:46 PM", "finish": "16:34:49 PM", "wait": "0:00:00"}, "Consultation 2": {"arrival": "16:34:49 PM", "start": "16:35:51 PM", "finish": "16:49:52 PM", "wait": "0:01:01.945812"}, "Billing": {"arrival": "16:49:52 PM", "start": "16:49:52 PM", "finish": "16:59:57 PM", "wait": "0:00:00"}, "Pharmacy": {"arrival": "16:59:57 PM", "start": "16:59:57 PM", "finish": "17:15:00 PM", "wait": "0:00:00"}, "Dressing": {"arrival": "17:15:00 PM", "start": "17:15:00 PM", "finish": "17:30:04 PM", "wait": "0:00:00"}}, "Patient 60": {"Registration": {"arrival": "16:27:46 PM", "start": "16:34:49 PM", "finish": "16:41:49 PM", "wait": "0:07:03.547535"}, "Consultation 2": {"arrival": "16:41:49 PM", "start": "16:49:52 PM", "finish": "17:03:54 PM", "wait": "0:08:02.406739"}, "Billing": {"arrival": "17:03:54 PM", "start": "17:03:54 PM", "finish": "17:13:56 PM", "wait": "0:00:00"}, "Pharmacy": {"arrival": "17:45:06 PM", "start": "17:45:06 PM", "finish": "18:00:09 PM", "wait": "0:00:00"}, "Dressing": {"arrival": "17:30:01 PM", "start": "17:30:04 PM", "finish": "17:45:06 PM", "wait": "0:00:03.905095"}}, "Patient 61": {"Registration": {"arrival": "16:59:45 PM", "start": "16:59:45 PM", "finish": "17:06:45 PM", "wait": "0:00:00"}, "Consultation 2": {"arrival": "17:06:45 PM", "start": "17:06:45 PM", "finish": "17:20:49 PM", "wait": "0:00:00"}, "Billing": {"arrival": "17:20:49 PM", "start": "17:20:49 PM", "finish": "17:30:52 PM", "wait": "0:00:00"}, "Injection": {"arrival": "17:30:52 PM", "start": "17:30:52 PM", "finish": "17:41:53 PM", "wait": "0:00:00"}}, "Patient 62": {"Registration": {"arrival": "17:07:45 PM", "start": "17:07:45 PM", "finish": "17:14:49 PM", "wait": "0:00:00"}}, "Patient 63": {"Billing": {"arrival": "17:27:45 PM", "start": "17:30:52 PM", "finish": "17:40:56 PM", "wait": "0:03:07.394567"}, "Xray": {"arrival": "17:40:56 PM", "start": "17:40:56 PM", "finish": "18:02:00 PM", "wait": "0:00:00"}}, "Patient 64": {"Billing": {"arrival": "17:27:45 PM", "start": "17:40:56 PM", "finish": "17:50:57 PM", "wait": "0:13:11.350205"}, "Xray": {"arrival": "17:50:57 PM", "start": "18:02:00 PM", "finish": "18:23:01 PM", "wait": "0:11:02.445525"}}, "Patient 65": {"Registration": {"arrival": "17:37:45 PM", "start": "17:37:45 PM", "finish": "17:44:48 PM", "wait": "0:00:00"}, "Consultation 2": {"arrival": "17:44:48 PM", "start": "17:44:48 PM", "finish": "17:58:51 PM", "wait": "0:00:00"}, "Billing": {"arrival": "17:58:51 PM", "start": "17:58:51 PM", "finish": "18:08:51 PM", "wait": "0:00:00"}, "Xray": {"arrival": "18:08:51 PM", "start": "18:23:01 PM", "finish": "18:44:01 PM", "wait": "0:14:09.484810"}}, "Patient 66": {"Registration": {"arrival": "17:37:45 PM", "start": "17:44:48 PM", "finish": "17:51:50 PM", "wait": "0:07:03.141366"}, "Consultation 2": {"arrival": "17:51:50 PM", "start": "17:58:51 PM", "finish": "18:12:53 PM", "wait": "0:07:00.761196"}, "Billing": {"arrival": "18:12:53 PM", "start": "18:12:53 PM", "finish": "18:22:58 PM", "wait": "0:00:00"}, "Xray": {"arrival": "18:22:58 PM", "start": "18:44:01 PM", "finish": "19:05:06 PM", "wait": "0:21:03.266066"}}}