{"Patient 0": {"Registration": {"arrival": "07:30:00 AM", "start": "07:30:00 AM", "finish": "07:37:03 AM", "wait": "0:00:00"}, "Consultation 1": {"arrival": "08:47:00 AM", "start": "10:20:24 AM", "finish": "10:34:25 AM", "wait": "1:33:23.762178"}, "Billing": {"arrival": "10:34:25 AM", "start": "10:42:34 AM", "finish": "10:52:36 AM", "wait": "0:08:08.964083"}, "Xray": {"arrival": "08:24:05 AM", "start": "08:25:57 AM", "finish": "08:47:00 AM", "wait": "0:01:52.702667"}, "Pharmacy": {"arrival": "10:52:36 AM", "start": "10:57:39 AM", "finish": "11:12:43 AM", "wait": "0:05:03.207571"}, "Dressing": {"arrival": "11:12:43 AM", "start": "11:12:43 AM", "finish": "11:27:47 AM", "wait": "0:00:00"}}, "Patient 1": {"Registration": {"arrival": "07:30:00 AM", "start": "07:37:03 AM", "finish": "07:44:07 AM", "wait": "0:07:03.183679"}, "Consultation 1": {"arrival": "07:44:07 AM", "start": "08:14:03 AM", "finish": "08:28:04 AM", "wait": "0:29:55.990399"}, "Billing": {"arrival": "08:28:04 AM", "start": "08:28:04 AM", "finish": "08:38:05 AM", "wait": "0:00:00"}, "Dressing": {"arrival": "08:38:05 AM", "start": "08:38:05 AM", "finish": "08:53:10 AM", "wait": "0:00:00"}}, "Patient 2": {"Registration": {"arrival": "07:30:00 AM", "start": "07:44:07 AM", "finish": "07:51:11 AM", "wait": "0:14:07.840925"}, "Consultation 1": {"arrival": "07:51:11 AM", "start": "08:28:04 AM", "finish": "08:42:06 AM", "wait": "0:36:53.146860"}, "Billing": {"arrival": "08:42:06 AM", "start": "08:42:06 AM", "finish": "08:52:10 AM", "wait": "0:00:00"}, "Pharmacy": {"arrival": "08:52:10 AM", "start": "08:52:10 AM", "finish": "09:07:11 AM", "wait": "0:00:00"}}, "Patient 3": {"Registration": {"arrival": "07:31:00 AM", "start": "07:51:11 AM", "finish": "07:58:13 AM", "wait": "0:20:11.658693"}, "Consultation 1": {"arrival": "07:58:13 AM", "start": "08:42:06 AM", "finish": "08:56:09 AM", "wait": "0:43:53.204567"}, "Billing": {"arrival": "08:56:09 AM", "start": "08:56:09 AM", "finish": "09:06:09 AM", "wait": "0:00:00"}, "Pharmacy": {"arrival": "09:06:09 AM", "start": "09:07:11 AM", "finish": "09:22:12 AM", "wait": "0:01:01.877945"}}, "Patient 4": {"Registration": {"arrival": "07:31:00 AM", "start": "07:58:13 AM", "finish": "08:05:15 AM", "wait": "0:27:13.348124"}, "Consultation 1": {"arrival": "08:05:15 AM", "start": "08:56:09 AM", "finish": "09:10:14 AM", "wait": "0:50:53.100869"}, "Billing": {"arrival": "09:10:14 AM", "start": "09:10:14 AM", "finish": "09:20:14 AM", "wait": "0:00:00"}, "Pharmacy": {"arrival": "09:52:16 AM", "start": "09:52:16 AM", "finish": "10:07:18 AM", "wait": "0:00:00"}, "Dressing": {"arrival": "09:37:14 AM", "start": "09:37:14 AM", "finish": "09:52:16 AM", "wait": "0:00:00"}}, "Patient 5": {"Registration": {"arrival": "07:31:00 AM", "start": "08:05:15 AM", "finish": "08:12:17 AM", "wait": "0:34:15.944467"}, "Consultation 1": {"arrival": "08:12:17 AM", "start": "09:10:14 AM", "finish": "09:24:15 AM", "wait": "0:57:56.467121"}}, "Patient 6": {"Registration": {"arrival": "07:32:00 AM", "start": "08:12:17 AM", "finish": "08:19:20 AM", "wait": "0:40:17.537821"}, "Consultation 1": {"arrival": "08:19:20 AM", "start": "09:24:15 AM", "finish": "09:38:17 AM", "wait": "1:04:54.532267"}, "Billing": {"arrival": "10:28:02 AM", "start": "10:32:30 AM", "finish": "10:42:34 AM", "wait": "0:04:27.877805"}, "Xray": {"arrival": "09:48:20 AM", "start": "10:06:59 AM", "finish": "10:28:02 AM", "wait": "0:18:38.968095"}, "Pharmacy": {"arrival": "10:42:34 AM", "start": "10:42:34 AM", "finish": "10:57:39 AM", "wait": "0:00:00"}}, "Patient 7": {"Registration": {"arrival": "07:33:00 AM", "start": "08:19:20 AM", "finish": "08:26:24 AM", "wait": "0:46:20.954396"}, "Consultation 1": {"arrival": "08:26:24 AM", "start": "09:38:17 AM", "finish": "09:52:18 AM", "wait": "1:11:53.076832"}, "Billing": {"arrival": "09:52:18 AM", "start": "09:52:18 AM", "finish": "10:02:22 AM", "wait": "0:00:00"}, "Pharmacy": {"arrival": "10:02:22 AM", "start": "10:07:18 AM", "finish": "10:22:20 AM", "wait": "0:04:56.113486"}}, "Patient 8": {"Registration": {"arrival": "07:36:59 AM", "start": "08:26:24 AM", "finish": "08:33:25 AM", "wait": "0:49:25.433270"}, "Consultation 1": {"arrival": "08:33:25 AM", "start": "09:52:18 AM", "finish": "10:06:22 AM", "wait": "1:18:53.238413"}, "Billing": {"arrival": "10:06:22 AM", "start": "10:12:24 AM", "finish": "10:22:27 AM", "wait": "0:06:02.346159"}, "Dressing": {"arrival": "10:22:27 AM", "start": "10:22:27 AM", "finish": "10:37:28 AM", "wait": "0:00:00"}}, "Patient 9": {"Registration": {"arrival": "07:37:59 AM", "start": "08:33:25 AM", "finish": "08:40:25 AM", "wait": "0:55:26.449467"}, "Consultation 1": {"arrival": "11:31:07 AM", "start": "14:33:08 PM", "finish": "14:47:09 PM", "wait": "3:02:00.744604"}, "Billing": {"arrival": "14:47:09 PM", "start": "15:08:18 PM", "finish": "15:18:22 PM", "wait": "0:21:08.801220"}, "Xray": {"arrival": "10:32:30 AM", "start": "11:10:06 AM", "finish": "11:31:07 AM", "wait": "0:37:36.170511"}, "Pharmacy": {"arrival": "15:18:22 PM", "start": "15:18:22 PM", "finish": "15:33:25 PM", "wait": "0:00:00"}, "Dressing": {"arrival": "15:33:25 PM", "start": "15:33:25 PM", "finish": "15:48:29 PM", "wait": "0:00:00"}}, "Patient 10": {"Registration": {"arrival": "07:39:59 AM", "start": "08:40:25 AM", "finish": "08:47:26 AM", "wait": "1:00:26.471404"}, "Consultation 1": {"arrival": "08:47:26 AM", "start": "10:34:25 AM", "finish": "10:48:28 AM", "wait": "1:46:59.044588"}, "Billing": {"arrival": "10:48:28 AM", "start": "11:02:36 AM", "finish": "11:12:39 AM", "wait": "0:14:08.035425"}, "Pharmacy": {"arrival": "11:12:39 AM", "start": "11:12:43 AM", "finish": "11:27:47 AM", "wait": "0:00:04.237999"}}, "Patient 11": {"Registration": {"arrival": "07:42:59 AM", "start": "08:47:26 AM", "finish": "08:54:27 AM", "wait": "1:04:27.284943"}, "Consultation 1": {"arrival": "08:54:27 AM", "start": "10:48:28 AM", "finish": "11:02:30 AM", "wait": "1:54:01.060810"}, "Billing": {"arrival": "11:02:30 AM", "start": "11:22:43 AM", "finish": "11:32:44 AM", "wait": "0:20:13.359983"}, "Pharmacy": {"arrival": "11:32:44 AM", "start": "11:42:49 AM", "finish": "11:57:53 AM", "wait": "0:10:04.139548"}}, "Patient 12": {"Registration": {"arrival": "07:42:59 AM", "start": "08:54:27 AM", "finish": "09:01:30 AM", "wait": "1:11:28.876700"}, "Consultation 1": {"arrival": "09:01:30 AM", "start": "11:02:30 AM", "finish": "11:16:35 AM", "wait": "2:00:59.551997"}, "Billing": {"arrival": "12:20:52 PM", "start": "12:42:59 PM", "finish": "12:52:59 PM", "wait": "0:22:07.036946"}, "Scan": {"arrival": "11:52:51 AM", "start": "11:52:51 AM", "finish": "12:20:52 PM", "wait": "0:00:00"}, "Pharmacy": {"arrival": "12:52:59 PM", "start": "12:52:59 PM", "finish": "13:08:04 PM", "wait": "0:00:00"}}, "Patient 13": {"Registration": {"arrival": "07:42:59 AM", "start": "09:01:30 AM", "finish": "09:08:35 AM", "wait": "1:18:31.792477"}, "Consultation 1": {"arrival": "09:08:35 AM", "start": "11:16:35 AM", "finish": "11:30:37 AM", "wait": "2:07:59.579244"}, "Billing": {"arrival": "11:30:37 AM", "start": "12:12:54 PM", "finish": "12:22:55 PM", "wait": "0:42:17.554260"}, "Dressing": {"arrival": "12:22:55 PM", "start": "12:22:55 PM", "finish": "12:37:56 PM", "wait": "0:00:00"}}, "Patient 14": {"Registration": {"arrival": "07:47:58 AM", "start": "09:08:35 AM", "finish": "09:15:35 AM", "wait": "1:20:37.513293"}, "Consultation 1": {"arrival": "09:15:35 AM", "start": "11:30:37 AM", "finish": "11:44:38 AM", "wait": "2:15:01.480123"}, "Billing": {"arrival": "11:44:38 AM", "start": "12:22:55 PM", "finish": "12:32:55 PM", "wait": "0:38:17.212309"}, "Pharmacy": {"arrival": "12:32:55 PM", "start": "12:32:55 PM", "finish": "12:48:00 PM", "wait": "0:00:00"}}, "Patient 15": {"Registration": {"arrival": "07:47:58 AM", "start": "09:15:35 AM", "finish": "09:22:39 AM", "wait": "1:27:37.872856"}, "Consultation 1": {"arrival": "09:22:39 AM", "start": "11:44:38 AM", "finish": "11:58:43 AM", "wait": "2:21:58.923660"}}, "Patient 16": {"Registration": {"arrival": "07:48:58 AM", "start": "09:22:39 AM", "finish": "09:29:40 AM", "wait": "1:33:41.469909"}, "Consultation 1": {"arrival": "13:04:01 PM", "start": "15:29:17 PM", "finish": "15:43:17 PM", "wait": "2:25:15.678306"}, "Billing": {"arrival": "15:43:17 PM", "start": "16:28:41 PM", "finish": "16:38:41 PM", "wait": "0:45:23.562937"}, "Xray": {"arrival": "12:42:59 PM", "start": "12:42:59 PM", "finish": "13:04:01 PM", "wait": "0:00:00"}, "Pharmacy": {"arrival": "16:38:41 PM", "start": "16:43:45 PM", "finish": "16:58:48 PM", "wait": "0:05:03.704912"}, "Dressing": {"arrival": "16:58:48 PM", "start": "16:58:48 PM", "finish": "17:13:52 PM", "wait": "0:00:00"}}, "Patient 17": {"Registration": {"arrival": "07:55:57 AM", "start": "09:29:40 AM", "finish": "09:36:40 AM", "wait": "1:33:43.420034"}, "Consultation 1": {"arrival": "09:36:40 AM", "start": "12:12:45 PM", "finish": "12:26:46 PM", "wait": "2:36:04.899746"}, "Billing": {"arrival": "12:26:46 PM", "start": "13:03:01 PM", "finish": "13:13:02 PM", "wait": "0:36:14.611183"}, "Xray": {"arrival": "13:13:02 PM", "start": "13:13:02 PM", "finish": "13:34:07 PM", "wait": "0:00:00"}}, "Patient 18": {"Registration": {"arrival": "08:01:57 AM", "start": "09:36:40 AM", "finish": "09:43:44 AM", "wait": "1:34:43.424449"}, "Consultation 1": {"arrival": "09:43:44 AM", "start": "12:26:46 PM", "finish": "12:40:50 PM", "wait": "2:43:02.271253"}}, "Patient 19": {"Xray": {"arrival": "08:04:57 AM", "start": "08:04:57 AM", "finish": "08:25:57 AM", "wait": "0:00:00"}}, "Patient 20": {"Registration": {"arrival": "08:07:57 AM", "start": "09:43:44 AM", "finish": "09:50:47 AM", "wait": "1:35:47.154131"}}, "Patient 21": {"Registration": {"arrival": "08:16:57 AM", "start": "09:50:47 AM", "finish": "09:57:49 AM", "wait": "1:33:50.031158"}, "Consultation 1": {"arrival": "09:57:49 AM", "start": "12:40:50 PM", "finish": "12:54:54 PM", "wait": "2:43:00.465347"}, "Billing": {"arrival": "12:54:54 PM", "start": "13:13:02 PM", "finish": "13:23:03 PM", "wait": "0:18:07.358086"}, "Pharmacy": {"arrival": "13:23:03 PM", "start": "13:23:08 PM", "finish": "13:38:10 PM", "wait": "0:00:05.257973"}}, "Patient 22": {"Registration": {"arrival": "08:19:57 AM", "start": "09:57:49 AM", "finish": "10:04:54 AM", "wait": "1:37:52.861704"}, "Consultation 1": {"arrival": "10:04:54 AM", "start": "12:54:54 PM", "finish": "13:08:58 PM", "wait": "2:50:00.769875"}}, "Patient 23": {"Registration": {"arrival": "08:49:56 AM", "start": "10:04:54 AM", "finish": "10:11:57 AM", "wait": "1:14:58.005407"}, "Consultation 1": {"arrival": "10:11:57 AM", "start": "13:08:58 PM", "finish": "13:22:58 PM", "wait": "2:57:00.908624"}}, "Patient 24": {"Xray": {"arrival": "08:55:56 AM", "start": "08:55:56 AM", "finish": "09:16:57 AM", "wait": "0:00:00"}}, "Patient 25": {"Registration": {"arrival": "09:02:56 AM", "start": "10:11:57 AM", "finish": "10:18:58 AM", "wait": "1:09:01.157614"}, "Consultation 1": {"arrival": "10:18:58 AM", "start": "13:22:58 PM", "finish": "13:36:58 PM", "wait": "3:04:00.182377"}}, "Patient 26": {"Xray": {"arrival": "09:06:56 AM", "start": "09:16:57 AM", "finish": "09:38:00 AM", "wait": "0:10:01.972150"}}, "Patient 27": {"Registration": {"arrival": "09:16:56 AM", "start": "10:18:58 AM", "finish": "10:26:03 AM", "wait": "1:02:02.536199"}, "Consultation 1": {"arrival": "10:26:03 AM", "start": "13:36:58 PM", "finish": "13:51:01 PM", "wait": "3:10:55.681811"}}, "Patient 28": {"Registration": {"arrival": "09:21:56 AM", "start": "10:26:03 AM", "finish": "10:33:06 AM", "wait": "1:04:07.131244"}, "Consultation 1": {"arrival": "10:33:06 AM", "start": "13:51:01 PM", "finish": "14:05:05 PM", "wait": "3:17:55.354289"}}, "Patient 29": {"Xray": {"arrival": "09:45:56 AM", "start": "09:45:56 AM", "finish": "10:06:59 AM", "wait": "0:00:00"}}, "Patient 30": {"Billing": {"arrival": "09:56:56 AM", "start": "10:02:22 AM", "finish": "10:12:24 AM", "wait": "0:05:26.065367"}, "Xray": {"arrival": "10:12:24 AM", "start": "10:49:06 AM", "finish": "11:10:06 AM", "wait": "0:36:42.390014"}}, "Patient 31": {"Xray": {"arrival": "10:08:56 AM", "start": "10:28:02 AM", "finish": "10:49:06 AM", "wait": "0:19:06.785169"}}, "Patient 32": {"Registration": {"arrival": "10:09:56 AM", "start": "10:33:06 AM", "finish": "10:40:08 AM", "wait": "0:23:10.473654"}, "Consultation 2": {"arrival": "10:40:08 AM", "start": "10:40:08 AM", "finish": "10:54:08 AM", "wait": "0:00:00"}, "Billing": {"arrival": "10:54:08 AM", "start": "11:12:39 AM", "finish": "11:22:43 AM", "wait": "0:18:30.761120"}, "Pharmacy": {"arrival": "11:22:43 AM", "start": "11:27:47 AM", "finish": "11:42:49 AM", "wait": "0:05:03.308662"}}, "Patient 33": {"Registration": {"arrival": "10:33:56 AM", "start": "10:40:08 AM", "finish": "10:47:10 AM", "wait": "0:06:12.070367"}, "Consultation 2": {"arrival": "10:47:10 AM", "start": "10:54:08 AM", "finish": "11:08:10 AM", "wait": "0:06:58.699800"}, "Billing": {"arrival": "11:08:10 AM", "start": "11:32:44 AM", "finish": "11:42:48 AM", "wait": "0:24:34.513820"}, "Pharmacy": {"arrival": "11:42:48 AM", "start": "11:57:53 AM", "finish": "12:12:54 PM", "wait": "0:15:05.611834"}}, "Patient 34": {"Billing": {"arrival": "10:34:56 AM", "start": "10:52:36 AM", "finish": "11:02:36 AM", "wait": "0:17:40.082622"}, "Scan": {"arrival": "11:02:36 AM", "start": "11:02:36 AM", "finish": "11:30:37 AM", "wait": "0:00:00"}}, "Patient 35": {"Registration": {"arrival": "10:40:56 AM", "start": "10:47:10 AM", "finish": "10:54:15 AM", "wait": "0:06:14.192232"}, "Consultation 1": {"arrival": "10:54:15 AM", "start": "14:05:05 PM", "finish": "14:19:06 PM", "wait": "3:10:50.717802"}, "Billing": {"arrival": "14:19:06 PM", "start": "14:28:05 PM", "finish": "14:38:10 PM", "wait": "0:08:59.493138"}, "Dressing": {"arrival": "14:38:10 PM", "start": "14:44:01 PM", "finish": "14:59:04 PM", "wait": "0:05:51.003758"}}, "Patient 36": {"Registration": {"arrival": "11:07:56 AM", "start": "11:07:56 AM", "finish": "11:14:58 AM", "wait": "0:00:00"}, "Consultation 2": {"arrival": "11:14:58 AM", "start": "11:14:58 AM", "finish": "11:29:00 AM", "wait": "0:00:00"}, "Billing": {"arrival": "11:29:00 AM", "start": "12:02:54 PM", "finish": "12:12:54 PM", "wait": "0:33:54.103777"}, "Pharmacy": {"arrival": "12:12:54 PM", "start": "12:12:54 PM", "finish": "12:27:55 PM", "wait": "0:00:00"}}, "Patient 37": {"Registration": {"arrival": "11:19:56 AM", "start": "11:19:56 AM", "finish": "11:26:59 AM", "wait": "0:00:00"}, "Consultation 1": {"arrival": "11:26:59 AM", "start": "14:19:06 PM", "finish": "14:33:08 PM", "wait": "2:52:06.241896"}, "Billing": {"arrival": "14:33:08 PM", "start": "14:48:12 PM", "finish": "14:58:14 PM", "wait": "0:15:03.385971"}, "Pharmacy": {"arrival": "14:58:14 PM", "start": "14:58:14 PM", "finish": "15:13:18 PM", "wait": "0:00:00"}}, "Patient 38": {"Billing": {"arrival": "12:23:57 PM", "start": "12:52:59 PM", "finish": "13:03:01 PM", "wait": "0:29:02.477916"}, "Xray": {"arrival": "12:02:54 PM", "start": "12:02:54 PM", "finish": "12:23:57 PM", "wait": "0:00:00"}, "Pharmacy": {"arrival": "13:03:01 PM", "start": "13:08:04 PM", "finish": "13:23:08 PM", "wait": "0:05:03.292143"}}, "Patient 39": {"Registration": {"arrival": "11:52:55 AM", "start": "11:52:55 AM", "finish": "11:59:58 AM", "wait": "0:00:00"}, "Consultation 1": {"arrival": "11:59:58 AM", "start": "14:47:09 PM", "finish": "15:01:09 PM", "wait": "2:47:10.479677"}, "Billing": {"arrival": "15:01:09 PM", "start": "15:28:24 PM", "finish": "15:38:26 PM", "wait": "0:27:14.434212"}, "Dressing": {"arrival": "15:38:26 PM", "start": "15:48:29 PM", "finish": "16:03:31 PM", "wait": "0:10:03.634439"}}, "Patient 40": {"Registration": {"arrival": "12:25:54 PM", "start": "12:25:54 PM", "finish": "12:32:55 PM", "wait": "0:00:00"}, "Consultation 1": {"arrival": "12:32:55 PM", "start": "15:01:09 PM", "finish": "15:15:14 PM", "wait": "2:28:14.335046"}, "Billing": {"arrival": "15:15:14 PM", "start": "15:38:26 PM", "finish": "15:48:31 PM", "wait": "0:23:11.884380"}, "Pharmacy": {"arrival": "15:48:31 PM", "start": "15:48:31 PM", "finish": "16:03:34 PM", "wait": "0:00:00"}, "Dressing": {"arrival": "16:03:34 PM", "start": "16:03:34 PM", "finish": "16:18:38 PM", "wait": "0:00:00"}}, "Patient 41": {"Registration": {"arrival": "12:47:53 PM", "start": "12:47:53 PM", "finish": "12:54:54 PM", "wait": "0:00:00"}, "Consultation 1": {"arrival": "16:40:37 PM", "start": "16:40:37 PM", "finish": "16:54:40 PM", "wait": "0:00:00"}, "Billing": {"arrival": "16:54:40 PM", "start": "17:28:54 PM", "finish": "17:38:56 PM", "wait": "0:34:14.205669"}, "Xray": {"arrival": "16:08:36 PM", "start": "16:19:34 PM", "finish": "16:40:37 PM", "wait": "0:10:58.287756"}, "Pharmacy": {"arrival": "17:38:56 PM", "start": "17:43:56 PM", "finish": "17:58:58 PM", "wait": "0:05:00.031060"}, "Dressing": {"arrival": "17:58:58 PM", "start": "17:58:58 PM", "finish": "18:14:01 PM", "wait": "0:00:00"}}, "Patient 42": {"Registration": {"arrival": "13:05:53 PM", "start": "13:05:53 PM", "finish": "13:12:56 PM", "wait": "0:00:00"}, "Consultation 2": {"arrival": "13:58:01 PM", "start": "14:03:57 PM", "finish": "14:18:01 PM", "wait": "0:05:55.946236"}, "Billing": {"arrival": "14:18:01 PM", "start": "14:18:01 PM", "finish": "14:28:05 PM", "wait": "0:00:00"}, "Xray": {"arrival": "13:37:01 PM", "start": "13:37:01 PM", "finish": "13:58:01 PM", "wait": "0:00:00"}, "Pharmacy": {"arrival": "14:28:05 PM", "start": "14:28:59 PM", "finish": "14:44:04 PM", "wait": "0:00:54.206404"}, "Dressing": {"arrival": "14:44:04 PM", "start": "14:59:04 PM", "finish": "15:14:06 PM", "wait": "0:15:00.111222"}}, "Patient 43": {"Billing": {"arrival": "13:27:53 PM", "start": "13:37:01 PM", "finish": "13:47:03 PM", "wait": "0:09:08.809327"}, "Scan": {"arrival": "13:47:03 PM", "start": "13:47:03 PM", "finish": "14:15:04 PM", "wait": "0:00:00"}}, "Patient 44": {"Registration": {"arrival": "13:42:52 PM", "start": "13:42:52 PM", "finish": "13:49:54 PM", "wait": "0:00:00"}, "Consultation 2": {"arrival": "13:49:54 PM", "start": "13:49:54 PM", "finish": "14:03:57 PM", "wait": "0:00:00"}, "Billing": {"arrival": "14:03:57 PM", "start": "14:03:57 PM", "finish": "14:13:58 PM", "wait": "0:00:00"}, "Pharmacy": {"arrival": "14:13:58 PM", "start": "14:13:58 PM", "finish": "14:28:59 PM", "wait": "0:00:00"}, "Dressing": {"arrival": "14:28:59 PM", "start": "14:28:59 PM", "finish": "14:44:01 PM", "wait": "0:00:00"}}, "Patient 45": {"Xray": {"arrival": "13:42:52 PM", "start": "13:58:01 PM", "finish": "14:19:04 PM", "wait": "0:15:09.918805"}}, "Patient 46": {"Registration": {"arrival": "13:55:52 PM", "start": "13:55:52 PM", "finish": "14:02:53 PM", "wait": "0:00:00"}, "Consultation 2": {"arrival": "14:02:53 PM", "start": "14:18:01 PM", "finish": "14:32:01 PM", "wait": "0:15:07.989559"}}, "Patient 47": {"Registration": {"arrival": "14:07:52 PM", "start": "14:07:52 PM", "finish": "14:14:52 PM", "wait": "0:00:00"}}, "Patient 48": {"Billing": {"arrival": "15:32:53 PM", "start": "16:18:38 PM", "finish": "16:28:41 PM", "wait": "0:45:45.120090"}, "Xray": {"arrival": "14:48:12 PM", "start": "14:48:12 PM", "finish": "15:09:14 PM", "wait": "0:00:00"}, "Consultation 2": {"arrival": "15:09:14 PM", "start": "15:18:50 PM", "finish": "15:32:53 PM", "wait": "0:09:36.141675"}, "Pharmacy": {"arrival": "16:28:41 PM", "start": "16:28:41 PM", "finish": "16:43:45 PM", "wait": "0:00:00"}}, "Patient 49": {"Registration": {"arrival": "14:27:50 PM", "start": "14:27:50 PM", "finish": "14:34:51 PM", "wait": "0:00:00"}, "Consultation 2": {"arrival": "14:34:51 PM", "start": "14:34:51 PM", "finish": "14:48:55 PM", "wait": "0:00:00"}, "Billing": {"arrival": "16:04:20 PM", "start": "16:58:44 PM", "finish": "17:08:49 PM", "wait": "0:54:24.519171"}, "Scan": {"arrival": "15:28:24 PM", "start": "15:36:18 PM", "finish": "16:04:20 PM", "wait": "0:07:54.431622"}, "Pharmacy": {"arrival": "17:08:49 PM", "start": "17:08:49 PM", "finish": "17:23:52 PM", "wait": "0:00:00"}}, "Patient 50": {"Billing": {"arrival": "14:37:50 PM", "start": "14:58:14 PM", "finish": "15:08:18 PM", "wait": "0:20:24.168051"}, "Scan": {"arrival": "15:08:18 PM", "start": "15:08:18 PM", "finish": "15:36:18 PM", "wait": "0:00:00"}}, "Patient 51": {"Registration": {"arrival": "14:57:49 PM", "start": "14:57:49 PM", "finish": "15:04:49 PM", "wait": "0:00:00"}, "Consultation 2": {"arrival": "16:19:34 PM", "start": "16:19:34 PM", "finish": "16:33:34 PM", "wait": "0:00:00"}, "Billing": {"arrival": "16:33:34 PM", "start": "17:18:53 PM", "finish": "17:28:54 PM", "wait": "0:45:18.975466"}, "Xray": {"arrival": "15:58:33 PM", "start": "15:58:33 PM", "finish": "16:19:34 PM", "wait": "0:00:00"}, "Pharmacy": {"arrival": "17:28:54 PM", "start": "17:28:54 PM", "finish": "17:43:56 PM", "wait": "0:00:00"}}, "Patient 52": {"Registration": {"arrival": "15:05:48 PM", "start": "15:05:48 PM", "finish": "15:12:51 PM", "wait": "0:00:00"}, "Consultation 2": {"arrival": "17:09:48 PM", "start": "17:43:43 PM", "finish": "17:57:44 PM", "wait": "0:33:55.138226"}, "Billing": {"arrival": "17:57:44 PM", "start": "18:08:59 PM", "finish": "18:19:04 PM", "wait": "0:11:15.802980"}, "Xray": {"arrival": "16:48:44 PM", "start": "16:48:44 PM", "finish": "17:09:48 PM", "wait": "0:00:00"}, "Pharmacy": {"arrival": "18:19:04 PM", "start": "18:19:04 PM", "finish": "18:34:08 PM", "wait": "0:00:00"}, "Dressing": {"arrival": "18:34:08 PM", "start": "18:34:08 PM", "finish": "18:49:11 PM", "wait": "0:00:00"}}, "Patient 53": {"Xray": {"arrival": "15:27:48 PM", "start": "15:27:48 PM", "finish": "15:48:51 PM", "wait": "0:00:00"}}, "Patient 54": {"Billing": {"arrival": "15:30:48 PM", "start": "16:08:36 PM", "finish": "16:18:38 PM", "wait": "0:37:48.160214"}, "Scan": {"arrival": "16:18:38 PM", "start": "16:18:38 PM", "finish": "16:46:39 PM", "wait": "0:00:00"}}, "Patient 55": {"Registration": {"arrival": "15:47:47 PM", "start": "15:47:47 PM", "finish": "15:54:50 PM", "wait": "0:00:00"}, "Consultation 2": {"arrival": "15:54:50 PM", "start": "15:54:50 PM", "finish": "16:08:50 PM", "wait": "0:00:00"}, "Billing": {"arrival": "16:08:50 PM", "start": "17:08:49 PM", "finish": "17:18:53 PM", "wait": "0:59:58.923350"}, "Dressing": {"arrival": "17:18:53 PM", "start": "17:18:53 PM", "finish": "17:33:54 PM", "wait": "0:00:00"}}, "Patient 56": {"Billing": {"arrival": "18:11:46 PM", "start": "18:29:06 PM", "finish": "18:39:08 PM", "wait": "0:17:20.082983"}, "Xray": {"arrival": "16:58:44 PM", "start": "17:09:48 PM", "finish": "17:30:51 PM", "wait": "0:11:03.855010"}, "Consultation 2": {"arrival": "17:30:51 PM", "start": "17:57:44 PM", "finish": "18:11:46 PM", "wait": "0:26:52.237245"}, "Pharmacy": {"arrival": "18:39:08 PM", "start": "18:49:12 PM", "finish": "19:04:14 PM", "wait": "0:10:04.479514"}}, "Patient 57": {"Registration": {"arrival": "16:14:47 PM", "start": "16:14:47 PM", "finish": "16:21:49 PM", "wait": "0:00:00"}, "Consultation 2": {"arrival": "16:21:49 PM", "start": "16:33:34 PM", "finish": "16:47:35 PM", "wait": "0:11:45.056187"}}, "Patient 58": {"Registration": {"arrival": "16:25:47 PM", "start": "16:25:47 PM", "finish": "16:32:48 PM", "wait": "0:00:00"}, "Consultation 2": {"arrival": "16:32:48 PM", "start": "16:47:35 PM", "finish": "17:01:35 PM", "wait": "0:14:46.570916"}, "Billing": {"arrival": "18:09:59 PM", "start": "18:19:04 PM", "finish": "18:29:06 PM", "wait": "0:09:04.815352"}, "Xray": {"arrival": "17:48:56 PM", "start": "17:48:56 PM", "finish": "18:09:59 PM", "wait": "0:00:00"}, "Pharmacy": {"arrival": "18:29:06 PM", "start": "18:34:08 PM", "finish": "18:49:12 PM", "wait": "0:05:01.358897"}}, "Patient 59": {"Registration": {"arrival": "16:27:46 PM", "start": "16:32:48 PM", "finish": "16:39:51 PM", "wait": "0:05:02.616560"}, "Consultation 2": {"arrival": "16:39:51 PM", "start": "17:01:35 PM", "finish": "17:15:39 PM", "wait": "0:21:43.828658"}}, "Patient 60": {"Registration": {"arrival": "16:27:46 PM", "start": "16:39:51 PM", "finish": "16:46:53 PM", "wait": "0:12:05.987947"}, "Consultation 2": {"arrival": "16:46:53 PM", "start": "17:15:39 PM", "finish": "17:29:42 PM", "wait": "0:28:45.833762"}, "Billing": {"arrival": "17:29:42 PM", "start": "17:48:56 PM", "finish": "17:58:56 PM", "wait": "0:19:14.399597"}, "Pharmacy": {"arrival": "17:58:56 PM", "start": "17:58:58 PM", "finish": "18:14:02 PM", "wait": "0:00:01.675936"}}, "Patient 61": {"Registration": {"arrival": "16:59:45 PM", "start": "16:59:45 PM", "finish": "17:06:46 PM", "wait": "0:00:00"}, "Consultation 2": {"arrival": "17:06:46 PM", "start": "17:29:42 PM", "finish": "17:43:43 PM", "wait": "0:22:55.577599"}, "Billing": {"arrival": "17:43:43 PM", "start": "17:58:56 PM", "finish": "18:08:59 PM", "wait": "0:15:13.026024"}, "Injection": {"arrival": "18:08:59 PM", "start": "18:08:59 PM", "finish": "18:20:04 PM", "wait": "0:00:00"}}, "Patient 62": {"Registration": {"arrival": "17:07:45 PM", "start": "17:07:45 PM", "finish": "17:14:47 PM", "wait": "0:00:00"}}, "Patient 63": {"Registration": {"arrival": "17:27:45 PM", "start": "17:27:45 PM", "finish": "17:34:45 PM", "wait": "0:00:00"}, "Consultation 2": {"arrival": "17:34:45 PM", "start": "18:11:46 PM", "finish": "18:25:51 PM", "wait": "0:37:01.383649"}, "Billing": {"arrival": "18:25:51 PM", "start": "18:39:08 PM", "finish": "18:49:08 PM", "wait": "0:13:16.704888"}}, "Patient 64": {"Registration": {"arrival": "17:27:45 PM", "start": "17:34:45 PM", "finish": "17:41:47 PM", "wait": "0:07:00.279936"}, "Consultation 2": {"arrival": "17:41:47 PM", "start": "18:25:51 PM", "finish": "18:39:53 PM", "wait": "0:44:03.990018"}}, "Patient 65": {"Registration": {"arrival": "17:37:45 PM", "start": "17:41:47 PM", "finish": "17:48:51 PM", "wait": "0:04:02.311203"}, "Consultation 2": {"arrival": "17:48:51 PM", "start": "18:39:53 PM", "finish": "18:53:55 PM", "wait": "0:51:02.454995"}}, "Patient 66": {"Registration": {"arrival": "17:37:45 PM", "start": "17:48:51 PM", "finish": "17:55:53 PM", "wait": "0:11:06.396068"}, "Consultation 2": {"arrival": "17:55:53 PM", "start": "18:53:55 PM", "finish": "19:07:55 PM", "wait": "0:58:01.681489"}}}